id,survey_date,q1-1,q1-2,q2,q3,q4,q5,q6,q6-1-1,q6-1-2,q6-1-3,q6-1-4,q6-2-1,q6-2-2,q6-2-3,q6-2-4,q6-3-1,q6-3-2,q6-3-3,q6-3-4,q7,q7-1,q7-2,q8-1,q8-2,q9,mq1,mq2,mq3,mq4,wearable_coverage,w_mean_steps,w_mean_hr,w_mean_sleep_minutes,w_mean_sleep_score,w_sleep_nights_n,survey_sleep_hr,wearable_sleep_hr,D_sleep_hr,absGap_sleeptime,insomnia_sum,Squal,Zs_qual,Zw_qual,R_qual,absGap_sleepquality,rel_week_raw,rel_week_cap,Zs_t,Zw_t,R_t,absR_t,coverage_between,coverage_within,gender,mood_sd_between,mood_sd_within
S001,2022-09-04,5,0,03:00,08:00,1,1,2,요가(또는 필라테스),2,1,-1,0,,,,0,,,,2,1,20,0,30,5,2,2,2,2,1.0,7466.142857142857,71.59884998321249,469.6,80.2,5,5.0,7.826666666666667,-2.826666666666667,3.3741285738841182,2,-2,0.7789341772943849,1.0594210628387013,-0.2804868855443164,0.2804868855443164,1,1,0.7979113955402264,0.8009795064336566,-0.003068110893430176,0.003068110893430176,1.0,0.0,2,0.9751190892187676,0.024880910781232446
S001,2022-09-10,6,0,02:00,08:10,2,2,2,요가(또는 필라테스),2,1,-1,0,,,,0,,,,2,2,30,0,30,5,2,3,2,2,1.0,8502.857142857143,69.0332064451291,423.1428571428572,79.71428571428571,7,6.0,7.052380952380954,-1.052380952380954,1.25620352902357,4,-4,-1.346141907459644,0.9416367865224924,-2.287778693982136,2.287778693982136,2,2,-1.2217720204562412,0.8786013418550335,-2.1003733623112746,2.1003733623112746,1.0,0.0,2,0.9751190892187676,0.12032602579156437
S001,2022-09-17,5,30,02:37,08:10,3,1,2,요가(또는 필라테스),2,1,-1,0,,,,0,,,,2,2,30,0,30,8,2,4,2,2,1.0,7569.0,70.43010537653798,449.5,79.33333333333333,6,5.5,7.491666666666666,-1.9916666666666665,2.377407810018585,4,-4,-1.346141907459644,0.8492569619607616,-2.1953988694204054,2.1953988694204054,3,3,-0.9639603730060448,0.8255040239118492,-1.7894643969178938,1.7894643969178938,1.0,0.0,2,0.9751190892187676,-0.4273965317136015
S001,2022-09-24,6,0,01:30,08:00,3,2,2,요가(또는 필라테스),2,1,-1,0,,,,0,,,,2,2,30,0,30,15,2,2,2,1,1.0,8527.0,76.9088957655587,454.3333333333333,81.5,6,6.0,7.572222222222222,-1.572222222222222,1.876726388382872,5,-5,-2.4086799498366585,1.374667214155607,-3.783347163992266,3.783347163992266,4,4,-1.855142714411968,0.9678011364750446,-2.822943850887013,2.822943850887013,1.0,0.0,2,0.9751190892187676,0.6284483622557788
S001,2022-10-01,6,0,02:29,08:20,4,2,1,-1,-1,-1,-1,-1,-1.0,-1.0,-1.0,-1,-1.0,-1.0,-1.0,1,-1,-1,1,0,20,2,2,3,2,1.0,9036.714285714286,74.4449270996599,407.57142857142856,74.0,7,6.0,6.792857142857143,-0.7928571428571427,0.946415780915946,6,-6,-3.4712179922136728,-0.44406058190347,-3.0271574103102026,3.0271574103102026,5,5,-2.5054475665259477,-0.386671967629544,-2.118775598896404,2.118775598896404,1.0,0.0,2,0.9751190892187676,0.17958144916048413
S001,2022-10-08,4,0,03:00,07:50,4,3,2,요가(또는 필라테스),3,1,-1,0,,,,0,,,,2,2,60,0,30,15,3,2,2,3,1.0,7195.571428571428,69.12812321001954,395.3333333333333,78.5,6,4.0,6.588888888888889,-2.588888888888889,3.09029857592374,7,-7,-4.533756034590688,0.6471760957319764,-5.180932130322664,5.180932130322664,6,6,-3.2849024971198784,0.412547520915895,-3.6974500180357732,3.6974500180357732,1.0,0.0,2,0.9751190892187676,0.09392587843092981
S001,2022-10-17,5,0,02:30,08:00,3,3,2,요가(또는 필라테스),3,1,-1,0,,,,0,,,,2,2,60,1,0,20,3,2,2,2,1.0,8759.57142857143,71.81766427156914,485.5,81.5,6,5.0,8.091666666666667,-3.091666666666667,3.6904531276857537,6,-6,-3.4712179922136728,1.374667214155607,-4.84588520636928,4.84588520636928,7,7+,-3.6710019775045057,1.0628132293010242,-4.73381520680553,4.73381520680553,1.0,0.0,2,0.9751190892187676,-0.18832329674932435
S001,2022-10-22,4,0,02:40,07:40,3,3,2,요가(또는 필라테스),2,1,-1,0,,,,0,,,,2,1,30,0,30,10,3,2,4,4,1.0,6800.0,70.14385052925476,385.2,77.8,5,4.0,6.42,-2.42,2.8886996988677707,6,-6,-3.4712179922136728,0.4774281680997951,-3.948646160313468,3.948646160313468,8,7+,-3.6710019775045057,0.3903553759519627,-4.061357353456469,4.061357353456469,1.0,0.0,2,0.9751190892187676,-0.21919014320031305
S001,2022-10-29,4,0,03:47,08:40,1,1,2,요가(또는 필라테스),2,1,-1,0,,,,0,,,,2,1,30,0,30,5,2,2,3,2,1.0,6399.142857142857,66.96527146361105,436.3333333333333,79.16666666666667,6,4.0,7.272222222222222,-3.272222222222222,3.905978242959405,2,-2,0.7789341772943849,0.8088407887150066,-0.0299066114206217,0.0299066114206217,9,7+,0.49994190355119744,0.6387407091709866,-0.13879880561978913,0.13879880561978913,1.0,0.0,2,0.9751190892187676,-0.023929358007425572
S001,2022-11-05,5,0,02:44,08:00,1,3,2,요가(또는 필라테스),3,1,-1,0,,,,0,,,,2,1,30,0,40,10,2,3,2,2,1.0,9381.285714285714,73.52358659932236,450.8,79.0,5,5.0,7.513333333333334,-2.5133333333333336,3.000109604609228,4,-4,-1.346141907459644,0.7684246154692482,-2.114566522928892,2.114566522928892,10,7+,-1.585530036976654,0.6084498148759829,-2.193979851852637,2.193979851852637,1.0,0.0,2,0.9751190892187676,-0.18832329674932435
S008,2022-10-04,8,0,00:30,08:30,1,1,1,-1,-1,-1,-1,-1,-1.0,-1.0,-1.0,-1,-1.0,-1.0,-1.0,1,-1,-1,0,30,9,1,4,2,2,0.8571428571428571,8748.0,87.13072918469392,352.3333333333333,68.33333333333333,3,8.0,5.872222222222222,2.127777777777778,2.539880589224877,2,-2,0.7789341772943849,-1.8182104722592185,2.5971446495536035,2.5971446495536035,1,1,0.7979113955402264,-1.5834819769634174,2.381393372503644,2.381393372503644,0.8571428571428571,0.0,1,0.3305413360610781,0.24680893312854763
S008,2022-10-08,8,0,00:30,09:00,1,1,1,-1,-1,-1,-1,-1,-1.0,-1.0,-1.0,-1,-1.0,-1.0,-1.0,1,-1,-1,0,30,12,1,4,2,2,1.0,9537.857142857143,80.23416713638014,386.2,72.0,5,8.0,6.4366666666666665,1.5633333333333337,1.8661159211694,2,-2,0.7789341772943849,-0.9290546608525574,1.7079888381469424,1.7079888381469424,2,2,0.6430379055032849,-0.7480342334183407,1.3910721389216256,1.3910721389216256,0.8571428571428571,0.1428571428571429,1,0.3305413360610781,0.669458663938922
S008,2022-10-15,8,0,03:00,11:00,1,1,1,-1,-1,-1,-1,-1,-1.0,-1.0,-1.0,-1,-1.0,-1.0,-1.0,1,-1,-1,0,30,12,1,3,2,2,1.0,7802.142857142857,74.8882992623585,398.8333333333333,76.5,6,8.0,6.647222222222222,1.352777777777778,1.6147804790502804,2,-2,0.7789341772943849,0.1621820167828891,0.6167521605114957,0.6167521605114957,3,3,0.7832178030674114,0.2527053134424051,0.5305124896250063,0.5305124896250063,0.8571428571428571,0.1428571428571429,1,0.3305413360610781,-0.3305413360610781
S008,2022-10-29,8,0,02:00,10:00,1,1,1,-1,-1,-1,-1,-1,-1.0,-1.0,-1.0,-1,-1.0,-1.0,-1.0,1,-1,-1,0,30,15,1,4,2,1,0.2857142857142857,14767.5,84.14910790070338,395.0,73.0,1,8.0,6.583333333333333,1.416666666666667,1.6910432121471113,2,-2,0.7789341772943849,-0.6865576213780137,1.4654917986723983,1.4654917986723983,4,4,0.691748130797683,-0.6860069289216222,1.3777550597193051,1.3777550597193051,0.8571428571428571,-0.5714285714285714,1,0.3305413360610781,0.11667225943887988
S008,2022-11-09,8,0,13:29,10:00,1,1,1,-1,-1,-1,-1,-1,-1.0,-1.0,-1.0,-1,-1.0,-1.0,-1.0,1,-1,-1,0,15,9,1,4,1,1,1.0,9241.0,80.30839720302609,411.1428571428572,77.71428571428571,7,8.0,6.852380952380954,1.1476190476190462,1.3698871063107672,2,-2,0.7789341772943849,0.4566427075734049,0.3222914697209799,0.3222914697209799,5,5,0.7114233830876148,0.24399455187561417,0.46742883121200063,0.46742883121200063,0.8571428571428571,0.1428571428571429,1,0.3305413360610781,0.11667225943887982
S008,2022-11-15,8,0,02:00,22:00,1,1,1,-1,-1,-1,-1,-1,-1.0,-1.0,-1.0,-1,-1.0,-1.0,-1.0,1,-1,-1,0,30,9,1,4,1,1,1.0,11338.57142857143,84.74448789316486,415.57142857142856,74.42857142857143,7,8.0,6.926190476190476,1.0738095238095244,1.281782333913189,2,-2,0.7789341772943849,-0.3401332792715222,1.1190674565659071,1.1190674565659071,6,6,0.5796886759623315,-0.3017481487625556,0.8814368247248872,0.8814368247248872,0.8571428571428571,0.1428571428571429,1,0.3305413360610781,0.0777069544027848
S012,2022-09-03,8,0,03:28,12:28,3,2,1,-1,-1,-1,-1,-1,-1.0,-1.0,-1.0,-1,-1.0,-1.0,-1.0,1,-1,-1,2,0,6,1,4,2,1,0.7142857142857143,7651.6,84.59980532558605,546.0,86.0,1,8.0,9.1,-1.0999999999999996,1.313045317667168,5,-5,-2.4086799498366585,2.465903891791054,-4.874583841627713,4.874583841627713,1,1,-2.3574654868233953,1.966418546071551,-4.323884032894947,4.323884032894947,0.8857142857142858,-0.17142857142857149,1,0.92497688557501,1.1963434579846324
S012,2022-09-10,7,0,03:00,12:00,3,3,1,-1,-1,-1,-1,-1,-1.0,-1.0,-1.0,-1,-1.0,-1.0,-1.0,1,-1,-1,0,30,5,2,4,2,1,1.0,9420.42857142857,81.81073359001891,368.0,76.33333333333333,6,7.0,6.133333333333334,0.8666666666666663,1.0345205533135262,6,-6,-3.4712179922136728,0.1217658435371306,-3.5929838357508035,3.5929838357508035,2,2,-3.0865819464157673,0.16569315763028278,-3.25227510404605,3.25227510404605,0.8857142857142858,0.11428571428571421,1,0.92497688557501,-0.4085791060806878
S012,2022-09-17,5,0,03:18,08:26,2,3,1,-1,-1,-1,-1,-1,-1.0,-1.0,-1.0,-1,-1.0,-1.0,-1.0,1,-1,-1,0,30,5,2,3,2,1,1.0,8198.714285714286,77.04268001888052,289.0,74.33333333333333,3,5.0,4.816666666666666,0.1833333333333335,0.2188408862778617,5,-5,-2.4086799498366585,-0.3632282354119566,-2.045451714424702,2.045451714424702,3,3,-1.8375494610427727,-0.18531722985775972,-1.652232231185013,1.652232231185013,0.8857142857142858,0.11428571428571421,1,0.92497688557501,-0.08831685904093445
S012,2022-09-24,7,0,00:00,07:00,1,4,1,-1,-1,-1,-1,-1,-1.0,-1.0,-1.0,-1,-1.0,-1.0,-1.0,1,-1,-1,0,30,5,2,2,3,1,0.8571428571428571,7618.333333333333,79.51190767411619,424.0,79.5,2,7.0,7.066666666666666,-0.0666666666666664,0.0795785041010402,5,-5,-2.4086799498366585,0.8896731352065201,-3.2983530850431784,3.2983530850431784,4,4,-1.855142714411968,0.5786698269699466,-2.433812541381915,2.433812541381915,0.8857142857142858,-0.028571428571428692,1,0.92497688557501,0.2900089070129015
S012,2022-10-01,6,0,01:00,07:00,2,4,1,-1,-1,-1,-1,-1,-1.0,-1.0,-1.0,-1,-1.0,-1.0,-1.0,1,-1,-1,1,0,5,1,3,3,1,0.8571428571428571,7017.666666666667,82.53923346780476,331.0,75.0,2,6.0,5.516666666666667,0.4833333333333334,0.5769441547325438,6,-6,-3.4712179922136728,-0.2015635424289263,-3.2696544497847464,3.2696544497847464,5,5,-2.5054475665259477,-0.21687713545507806,-2.2885704310708697,2.2885704310708697,0.8857142857142858,-0.028571428571428692,1,0.92497688557501,-0.1690479395565555
S013,2022-09-03,9,0,01:00,09:10,1,1,1,-1,-1,-1,-1,-1,-1.0,-1.0,-1.0,-1,-1.0,-1.0,-1.0,1,-1,-1,0,20,2,1,4,1,1,1.0,3980.0,89.86145542454292,425.7142857142857,77.57142857142857,7,9.0,7.095238095238096,1.904761904761904,2.2736715457440138,2,-2,0.7789341772943849,0.4220002733627568,0.356933903931628,0.356933903931628,1,1,0.7979113955402264,0.2728002372381564,0.52511115830207,0.52511115830207,0.9740259740259741,0.02597402597402587,1,0.5408912469259382,0.16621553426060942
S013,2022-09-11,9,0,01:50,09:00,1,1,1,-1,-1,-1,-1,-1,-1.0,-1.0,-1.0,-1,-1.0,-1.0,-1.0,1,-1,-1,0,40,2,1,4,1,1,1.0,6897.0,88.76077542800628,424.0,76.28571428571429,7,9.0,7.066666666666666,1.9333333333333336,2.307776618930175,2,-2,0.7789341772943849,0.1102183654669169,0.6687158118274679,0.6687158118274679,2,2,0.6430379055032849,0.15565219728909138,0.48738570821419347,0.48738570821419347,0.9740259740259741,0.02597402597402587,1,0.5408912469259382,-0.5408912469259382
S013,2022-09-18,8,0,03:00,09:20,1,1,1,-1,-1,-1,-1,-1,-1.0,-1.0,-1.0,-1,-1.0,-1.0,-1.0,1,-1,-1,0,20,2,1,4,1,1,1.0,10024.285714285714,93.08632527520504,358.5,74.83333333333333,6,8.0,5.975,2.0250000000000004,2.417197062069106,2,-2,0.7789341772943849,-0.2419797156746848,1.0209138929690698,1.0209138929690698,3,3,0.7832178030674114,-0.08423510448079882,0.8674529075482103,0.8674529075482103,0.9740259740259741,0.02597402597402587,1,0.5408912469259382,0.006831310579227923
S013,2022-09-28,8,0,02:00,09:33,1,1,1,-1,-1,-1,-1,-1,-1.0,-1.0,-1.0,-1,-1.0,-1.0,-1.0,2,1,60,0,40,2,1,4,1,1,0.7142857142857143,8798.6,83.32872716676673,425.5,79.0,2,8.0,7.091666666666667,0.9083333333333332,1.084257118376677,2,-2,0.7789341772943849,0.7684246154692482,0.0105095618251366,0.0105095618251366,4,4,0.691748130797683,0.48138699959367204,0.210361131204011,0.210361131204011,0.9740259740259741,-0.2597402597402598,1,0.5408912469259382,-0.05294121045167155
S013,2022-10-03,8,0,03:00,10:00,1,1,1,-1,-1,-1,-1,-1,-1.0,-1.0,-1.0,-1,-1.0,-1.0,-1.0,2,1,60,0,30,2,1,4,1,1,1.0,8465.714285714286,85.08972856008845,386.0,77.5,2,8.0,6.433333333333334,1.5666666666666664,1.870094846374452,2,-2,0.7789341772943849,0.4046790562574328,0.3742551210369521,0.3742551210369521,5,5,0.7114233830876148,0.20760994498108679,0.503813438106528,0.503813438106528,0.9740259740259741,0.02597402597402587,1,0.5408912469259382,-0.16292677391671095
S013,2022-10-19,8,0,04:00,13:20,1,1,1,-1,-1,-1,-1,-1,-1.0,-1.0,-1.0,-1,-1.0,-1.0,-1.0,2,1,30,0,30,2,1,4,1,1,1.0,7085.428571428572,88.37666946311982,404.2857142857143,78.28571428571429,7,8.0,6.738095238095238,1.261904761904762,1.5063073990554097,2,-2,0.7789341772943849,0.5952124444160043,0.1837217328783805,0.1837217328783805,6,6,0.5796886759623315,0.37495301198545133,0.2047356639768802,0.2047356639768802,0.9740259740259741,0.02597402597402587,1,0.5408912469259382,0.149174312416416
S013,2022-10-24,8,0,03:21,13:21,1,1,1,-1,-1,-1,-1,-1,-1.0,-1.0,-1.0,-1,-1.0,-1.0,-1.0,1,-1,-1,0,30,2,1,4,1,1,1.0,5551.0,86.89936052890684,437.1666666666667,81.0,6,8.0,7.286111111111111,0.7138888888888886,0.8521531480819751,2,-2,0.7789341772943849,1.2534186944183356,-0.4744845171239508,0.4744845171239508,7,7+,0.49994190355119744,0.9719405464160159,-0.47199864286481846,0.47199864286481846,0.9740259740259741,0.02597402597402587,1,0.5408912469259382,0.3588441639164991
S013,2022-10-28,8,0,03:30,09:30,1,1,1,-1,-1,-1,-1,-1,-1.0,-1.0,-1.0,-1,-1.0,-1.0,-1.0,1,-1,-1,0,30,2,1,4,1,1,1.0,5113.0,86.4033326678521,429.0,74.85714285714286,7,8.0,7.15,0.8499999999999996,1.014625927288266,2,-2,0.7789341772943849,-0.2362059766395745,1.0151401539339593,1.0151401539339593,8,7+,0.49994190355119744,-0.14449527188551314,0.6444371754367106,0.6444371754367106,0.9740259740259741,0.02597402597402587,1,0.5408912469259382,0.49190431206270624
S013,2022-11-01,8,0,03:00,09:30,1,1,1,-1,-1,-1,-1,-1,-1.0,-1.0,-1.0,-1,-1.0,-1.0,-1.0,1,-1,-1,0,30,2,1,4,1,1,1.0,6630.857142857143,88.45170487066132,353.42857142857144,69.0,7,8.0,5.890476190476191,2.109523809523809,2.518091236911496,2,-2,0.7789341772943849,-1.6565457792761884,2.4354799565705734,2.4354799565705734,9,7+,0.49994190355119744,-1.2090038428241818,1.7089457463753792,1.7089457463753792,0.9740259740259741,0.02597402597402587,1,0.5408912469259382,0.1491743124164161
S013,2022-11-08,8,0,03:00,09:20,1,1,1,-1,-1,-1,-1,-1,-1.0,-1.0,-1.0,-1,-1.0,-1.0,-1.0,1,-1,-1,0,30,2,1,4,1,1,1.0,5330.428571428572,87.70072875344373,401.57142857142856,79.14285714285714,7,8.0,6.692857142857142,1.3071428571428578,1.5603070982668308,2,-2,0.7789341772943849,0.8030670496798964,-0.0241328723855115,0.0241328723855115,10,7+,0.49994190355119744,0.6344134385574132,-0.13447153500621573,0.13447153500621573,0.9740259740259741,0.02597402597402587,1,0.5408912469259382,-0.024493467431615956
S013,2022-11-12,7,0,03:00,09:00,1,1,1,-1,-1,-1,-1,-1,-1.0,-1.0,-1.0,-1,-1.0,-1.0,-1.0,1,-1,-1,0,30,2,1,4,1,1,1.0,7498.285714285715,88.86704539290224,411.8571428571428,75.0,7,7.0,6.864285714285713,0.135714285714287,0.1619990976342626,2,-2,0.7789341772943849,-0.2015635424289263,0.9804977197233112,0.9804977197233112,11,7+,0.49994190355119744,-0.11853164820408295,0.6184735517552804,0.6184735517552804,0.9740259740259741,0.02597402597402587,1,0.5408912469259382,-0.5408912469259382
S016,2022-09-11,8,0,00:30,09:40,2,2,1,-1,-1,-1,-1,-1,-1.0,-1.0,-1.0,-1,-1.0,-1.0,-1.0,1,-1,-1,0,30,3,2,3,2,2,0.5714285714285714,2825.75,88.98068594389088,374.5,76.75,4,8.0,6.241666666666666,1.7583333333333335,2.098883045664944,4,-4,-1.346141907459644,0.222806276651525,-1.568948184111169,1.568948184111169,1,1,-1.305673192702188,0.1077442156145633,-1.4134174083167514,1.4134174083167514,0.8571428571428571,-0.2857142857142857,2,1.0527640770981077,-0.35412594609233583
S016,2022-09-17,8,0,00:30,09:00,2,1,1,-1,-1,-1,-1,-1,-1.0,-1.0,-1.0,-1,-1.0,-1.0,-1.0,1,-1,-1,0,30,3,3,2,3,3,0.8571428571428571,4347.5,93.80458157527733,460.0,78.0,1,8.0,7.666666666666667,0.333333333333333,0.3978925205052022,3,-3,-0.2836038650826296,0.5259275759947046,-0.8095314410773342,0.8095314410773342,2,2,-0.2893670574764781,0.5171267695720624,-0.8064938270485404,0.8064938270485404,0.8571428571428571,0.0,2,1.0527640770981077,0.1582960645408893
S016,2022-09-24,8,0,01:00,09:30,2,2,1,-1,-1,-1,-1,-1,-1.0,-1.0,-1.0,-1,-1.0,-1.0,-1.0,1,-1,-1,0,30,3,2,2,2,3,1.0,3433.428571428572,79.54607732696856,429.0,82.4,5,8.0,7.15,0.8499999999999996,1.014625927288266,4,-4,-1.346141907459644,1.5929145496826982,-2.939056457142342,2.939056457142342,3,3,-0.9639603730060448,1.4454743928905447,-2.4094347658965893,2.4094347658965893,0.8571428571428571,0.1428571428571429,2,1.0527640770981077,-0.05873427971010292
S016,2022-10-15,8,0,00:30,09:00,3,1,1,-1,-1,-1,-1,-1,-1.0,-1.0,-1.0,-1,-1.0,-1.0,-1.0,1,-1,-1,0,30,3,2,3,2,2,0.7142857142857143,2088.8,80.7126676579459,483.3333333333333,78.66666666666667,3,8.0,8.055555555555555,-0.0555555555555553,0.0663154200842001,4,-4,-1.346141907459644,0.6875922689777348,-2.033734176437379,2.033734176437379,4,4,-1.0061790993420843,0.4165317813428233,-1.4227108806849076,1.4227108806849076,0.8571428571428571,-0.1428571428571428,2,1.0527640770981077,-0.0768640041495745
S016,2022-11-07,8,0,00:00,08:30,3,1,1,-1,-1,-1,-1,-1,-1.0,-1.0,-1.0,-1,-1.0,-1.0,-1.0,1,-1,-1,0,30,3,2,2,3,2,1.0,3576.714285714286,81.15186352913597,487.25,86.75,4,8.0,8.120833333333334,-0.1208333333333335,0.1442360386831362,4,-4,-1.346141907459644,2.647776671396961,-3.993918578856605,3.993918578856605,5,5,-0.8970120917191664,1.7782121425948967,-2.6752242343140633,2.6752242343140633,0.8571428571428571,0.1428571428571429,2,1.0527640770981077,0.21965394346259592
S016,2022-11-12,8,0,01:00,21:00,3,1,1,-1,-1,-1,-1,-1,-1.0,-1.0,-1.0,-1,-1.0,-1.0,-1.0,1,-1,-1,0,30,3,2,3,2,2,1.0,2826.1428571428573,84.35712017064328,467.0,86.33333333333333,3,8.0,7.783333333333333,0.2166666666666667,0.2586301383283818,4,-4,-1.346141907459644,2.546736238282567,-3.892878145742211,3.892878145742211,6,6,-0.9661477932705526,1.7868356807065982,-2.752983473977151,2.752983473977151,0.8571428571428571,0.1428571428571429,2,1.0527640770981077,-0.2968351310796532
S019,2022-09-03,8,0,23:30,07:00,1,3,1,-1,-1,-1,-1,-1,-1.0,-1.0,-1.0,-1,-1.0,-1.0,-1.0,1,-1,-1,0,60,15,1,3,2,1,1.0,10147.42857142857,80.45867178438107,422.2857142857143,80.28571428571429,7,8.0,7.038095238095238,0.961904761904762,1.1482041306007276,4,-4,-1.346141907459644,1.0802065233650917,-2.4263484308247354,2.4263484308247354,1,1,-1.305673192702188,0.8182027434726409,-2.123875936174829,2.123875936174829,1.0,0.0,2,0.576417118758653,-0.576417118758653
S019,2022-09-10,8,0,00:00,08:30,1,1,1,-1,-1,-1,-1,-1,-1.0,-1.0,-1.0,-1,-1.0,-1.0,-1.0,1,-1,-1,1,0,20,1,3,2,2,1.0,8708.57142857143,74.83447521586517,452.57142857142856,85.57142857142857,7,8.0,7.542857142857143,0.4571428571428573,0.5456811709785637,2,-2,0.7789341772943849,2.3619765891591062,-1.5830424118647213,1.5830424118647213,2,2,0.6430379055032849,2.1136394638218565,-1.4706015583185716,1.4706015583185716,1.0,0.0,2,0.576417118758653,0.2602429077754226
S019,2022-09-17,8,17,23:30,08:00,1,2,1,-1,-1,-1,-1,-1,-1.0,-1.0,-1.0,-1,-1.0,-1.0,-1.0,1,-1,-1,2,0,20,1,2,3,3,1.0,6232.857142857143,74.91395755008814,482.3333333333333,84.16666666666667,6,8.283333333333333,8.038888888888888,0.2444444444444453,0.2917878483704829,3,-3,-0.2836038650826296,2.021325986087725,-2.304929851170354,2.304929851170354,3,3,-0.09037128496931668,1.8026312358891396,-1.8930025208584564,1.8930025208584564,1.0,0.0,2,0.576417118758653,0.24007946216907305
S019,2022-09-24,10,0,23:00,09:00,1,1,1,-1,-1,-1,-1,-1,-1.0,-1.0,-1.0,-1,-1.0,-1.0,-1.0,1,-1,-1,1,30,20,1,3,2,2,1.0,8178.142857142857,77.58472597116041,464.2857142857143,81.28571428571429,7,10.0,7.738095238095238,2.261904761904762,2.699984960571017,2,-2,0.7789341772943849,1.3227035628396353,-0.5437693855452504,0.5437693855452504,4,4,0.691748130797683,0.9261084961709282,-0.23436036537324512,0.23436036537324512,1.0,0.0,2,0.576417118758653,-0.19845264574942578
S019,2022-10-01,7,30,08:00,00:00,1,1,1,-1,-1,-1,-1,-1,-1.0,-1.0,-1.0,-1,-1.0,-1.0,-1.0,1,-1,-1,2,0,20,1,3,2,2,1.0,8951.42857142857,81.39328910943571,460.8571428571428,82.71428571428571,7,7.5,7.680952380952379,-0.1809523809523794,0.2159987968456795,2,-2,0.7789341772943849,1.6691279049461232,-0.8901937276517383,0.8901937276517383,5,5,0.7114233830876148,1.092968712747944,-0.38154532966032917,0.38154532966032917,1.0,0.0,2,0.576417118758653,0.11364844058370116
S019,2022-10-09,6,30,08:00,01:00,1,1,1,-1,-1,-1,-1,-1,-1.0,-1.0,-1.0,-1,-1.0,-1.0,-1.0,1,-1,-1,2,0,20,2,2,2,2,1.0,8606.142857142857,74.67268626534106,303.57142857142856,77.14285714285714,7,6.5,5.059523809523809,1.440476190476191,1.7194641064689111,2,-2,0.7789341772943849,0.318072970730809,0.4608612065635758,0.4608612065635758,6,6,0.5796886759623315,0.17444896435641066,0.40523971160592087,0.40523971160592087,1.0,0.0,2,0.576417118758653,0.17951182725980153
S019,2022-10-15,4,30,02:00,07:30,1,1,1,-1,-1,-1,-1,-1,-1.0,-1.0,-1.0,-1,-1.0,-1.0,-1.0,1,-1,-1,1,30,20,2,2,3,2,1.0,7366.0,74.57899146787993,275.8333333333333,68.16666666666667,6,4.5,4.597222222222222,-0.0972222222222223,0.1160519851473508,2,-2,0.7789341772943849,-1.8586266455049736,2.6375608227993586,2.6375608227993586,7,7+,0.49994190355119744,-1.3604583142991946,1.860400217850392,1.860400217850392,1.0,0.0,2,0.576417118758653,-0.08846708228438638
S019,2022-10-22,6,40,08:00,00:00,1,1,1,-1,-1,-1,-1,-1,-1.0,-1.0,-1.0,-1,-1.0,-1.0,-1.0,1,-1,-1,1,30,12,2,3,2,2,1.0,6838.285714285715,78.16878625594863,345.1666666666667,77.0,6,6.666666666666667,5.752777777777778,0.9138888888888888,1.090888660385097,2,-2,0.7789341772943849,0.2834305365201609,0.4955036407742239,0.4955036407742239,8,7+,0.49994190355119744,0.24495908333595,0.25498282021524743,0.25498282021524743,1.0,0.0,2,0.576417118758653,-0.0418946349338043
S019,2022-10-30,8,0,09:00,23:30,1,1,1,-1,-1,-1,-1,-1,-1.0,-1.0,-1.0,-1,-1.0,-1.0,-1.0,1,-1,-1,1,0,10,1,3,2,2,1.0,7657.0,73.48437621590948,449.0,83.0,7,8.0,7.483333333333333,0.5166666666666666,0.6167334067830639,2,-2,0.7789341772943849,1.7384127733674228,-0.959478596073038,0.959478596073038,9,7+,0.49994190355119744,1.3354312779560489,-0.8354893744048515,0.8354893744048515,1.0,0.0,2,0.576417118758653,-0.19845264574942578
S019,2022-11-05,9,0,09:30,23:30,1,2,1,-1,-1,-1,-1,-1,-1.0,-1.0,-1.0,-1,-1.0,-1.0,-1.0,2,3,60,1,0,20,1,3,2,2,1.0,6235.285714285715,73.75328911862643,478.7142857142857,83.28571428571429,7,9.0,7.978571428571429,1.0214285714285714,1.2192563664052278,3,-3,-0.2836038650826296,1.8076976417887225,-2.091301506871352,2.091301506871352,10,7+,-0.5427940667127283,1.3873585253189118,-1.9301525920316402,1.9301525920316402,1.0,0.0,2,0.576417118758653,0.17951182725980153
S030,2022-10-01,7,30,00:30,22:00,2,1,1,-1,-1,-1,-1,-1,-1.0,-1.0,-1.0,-1,-1.0,-1.0,-1.0,1,-1,-1,0,30,7,2,2,2,2,0.8571428571428571,8654.333333333334,82.91583879366384,411.5,80.0,4,7.5,6.858333333333333,0.6416666666666666,0.7659431019725148,3,-3,-0.2836038650826296,1.0109216549437918,-1.2945255200264214,1.2945255200264214,1,1,-0.25388089858098084,0.7607919533426941,-1.014672851923675,1.014672851923675,0.9714285714285715,-0.11428571428571443,2,0.48703674862406016,0.26573590408502085
S030,2022-10-11,7,0,02:02,22:40,2,1,1,-1,-1,-1,-1,-1,-1.0,-1.0,-1.0,-1,-1.0,-1.0,-1.0,1,-1,-1,0,30,10,1,3,2,2,1.0,5098.285714285715,77.02996118836609,417.1666666666667,83.0,6,7.0,6.952777777777778,0.0472222222222216,0.0563681070715696,3,-3,-0.2836038650826296,1.7384127733674228,-2.0220166384500526,2.0220166384500526,2,2,-0.2893670574764781,1.5714276053973983,-1.8607946628738765,1.8607946628738765,0.9714285714285715,0.02857142857142847,2,0.48703674862406016,0.0009132878502064457
S030,2022-10-24,7,0,13:30,10:21,2,1,1,-1,-1,-1,-1,-1,-1.0,-1.0,-1.0,-1,-1.0,-1.0,-1.0,1,-1,-1,1,30,5,2,4,2,2,1.0,7779.428571428572,86.76303468835017,342.75,76.75,4,7.0,5.7125,1.2874999999999996,1.5368598604513444,3,-3,-0.2836038650826296,0.222806276651525,-0.5064101417341547,0.5064101417341547,3,3,-0.09037128496931668,0.3032463761308855,-0.3936176611002022,0.3936176611002022,0.9714285714285715,0.02857142857142847,2,0.48703674862406016,-0.48703674862406016
S030,2022-11-05,8,0,01:40,22:45,1,1,1,-1,-1,-1,-1,-1,-1.0,-1.0,-1.0,-1,-1.0,-1.0,-1.0,1,-1,-1,0,30,10,1,2,1,2,1.0,3602.5714285714284,80.43051479790583,442.8333333333333,81.33333333333333,6,8.0,7.3805555555555555,0.6194444444444445,0.7394169339388348,2,-2,0.7789341772943849,1.334251040909849,-0.5553168636154641,0.5553168636154641,4,4,0.691748130797683,0.9353735273496189,-0.24362539655193582,0.24362539655193582,0.9714285714285715,0.02857142857142847,2,0.48703674862406016,-0.10907227561483296
S030,2022-11-12,9,0,01:20,10:40,1,1,1,-1,-1,-1,-1,-1,-1.0,-1.0,-1.0,-1,-1.0,-1.0,-1.0,1,-1,-1,0,40,10,1,3,2,1,1.0,6543.142857142857,86.90576551138012,430.5,83.0,4,9.0,7.175,1.825,2.1784615497659843,2,-2,0.7789341772943849,1.7384127733674228,-0.959478596073038,0.959478596073038,5,5,0.7114233830876148,1.1414815219406496,-0.4300581388530348,0.4300581388530348,0.9714285714285715,0.02857142857142847,2,0.48703674862406016,0.3294598323036659
S040,2022-09-10,9,0,01:00,09:00,2,2,1,-1,-1,-1,-1,-1,-1.0,-1.0,-1.0,-1,-1.0,-1.0,-1.0,1,-1,-1,0,30,4,3,1,4,3,1.0,7482.428571428572,93.3590156949541,420.0,76.66666666666667,3,9.0,7.0,2.0,2.3873551230312158,4,-4,-1.346141907459644,0.2025981900286475,-1.5487400974882914,1.5487400974882914,1,1,-1.305673192702188,0.09099940182666345,-1.3966725945288516,1.3966725945288516,1.0,0.0,1,0.7889123644701583,-0.3416987689702004
S040,2022-09-17,7,0,02:00,09:30,2,2,2,자전거,3,1,-1,0,,,,0,,,,1,-1,-1,1,30,4,3,1,4,4,1.0,8690.57142857143,93.80446180453472,415.0,74.5,4,7.0,6.916666666666667,0.083333333333333,0.0994731301263002,4,-4,-1.346141907459644,-0.3228120621661982,-1.0233298452934456,1.0233298452934456,2,2,-1.2217720204562412,-0.22088381550567274,-1.0008882049505685,1.0008882049505685,1.0,0.0,1,0.7889123644701583,-0.3806640740062953
S040,2022-09-24,8,0,02:00,21:30,2,2,2,자전거,4,1,-1,0,,,,0,,,,2,2,40,1,30,4,2,2,4,4,1.0,7081.428571428572,95.9454819271008,292.0,65.5,2,8.0,4.866666666666666,3.1333333333333337,3.740189692748904,4,-4,-1.346141907459644,-2.5052854174370918,1.1591435099774474,1.1591435099774474,3,3,-0.9639603730060448,-1.9711014448507345,1.0071410718446896,1.0071410718446896,1.0,0.0,1,0.7889123644701583,-0.30096232799589173
S040,2022-10-02,8,0,02:00,09:00,2,3,2,경보,3,1,-1,0,,,,0,,,,2,2,30,0,30,4,2,2,3,4,1.0,11804.285714285714,91.37428058243472,412.0,76.0,2,8.0,6.866666666666666,1.1333333333333335,1.3528345697176891,5,-5,-2.4086799498366585,0.0409334970456172,-2.449613446882276,2.449613446882276,4,4,-1.855142714411968,-0.10230996466397507,-1.752832749747993,1.752832749747993,1.0,0.0,1,0.7889123644701583,0.4260734281177532
S040,2022-10-08,8,0,02:00,08:40,2,2,1,-1,-1,-1,-1,-1,-1.0,-1.0,-1.0,-1,-1.0,-1.0,-1.0,1,-1,-1,1,0,4,2,2,3,2,1.0,9095.42857142857,85.098459768092,391.0,78.0,3,8.0,6.516666666666667,1.4833333333333334,1.7706217162481517,4,-4,-1.346141907459644,0.5259275759947046,-1.8720694834543483,1.8720694834543483,5,5,-0.8970120917191664,0.29250736106831976,-1.1895194527874862,1.1895194527874862,1.0,0.0,1,0.7889123644701583,0.34498105455752337
S040,2022-10-15,8,0,03:00,08:43,2,2,1,-1,-1,-1,-1,-1,-1.0,-1.0,-1.0,-1,-1.0,-1.0,-1.0,1,-1,-1,1,0,4,2,2,3,2,1.0,9671.57142857143,80.43929984563454,331.6,75.0,5,8.0,5.526666666666667,2.4733333333333327,2.952362502148602,4,-4,-1.346141907459644,-0.2015635424289263,-1.1445783650307175,1.1445783650307175,6,6,-0.9661477932705526,-0.20149612494803654,-0.764651668322516,0.764651668322516,1.0,0.0,1,0.7889123644701583,-0.30096232799589173
S040,2022-10-22,5,0,15:00,10:00,2,2,1,-1,-1,-1,-1,-1,-1.0,-1.0,-1.0,-1,-1.0,-1.0,-1.0,1,-1,-1,1,0,4,2,3,3,3,1.0,8970.142857142857,85.42767721537307,394.75,76.75,4,5.0,6.579166666666667,-1.5791666666666666,1.885015815893397,4,-4,-1.346141907459644,0.222806276651525,-1.568948184111169,1.568948184111169,7,7+,-1.585530036976654,0.19952274189344588,-1.7850527788700998,1.7850527788700998,1.0,0.0,1,0.7889123644701583,0.28013260317953925
S040,2022-10-30,8,0,02:10,09:25,2,2,2,기타,2,2,-1,0,,,,0,,,,1,-1,-1,1,0,4,2,2,2,2,1.0,9709.0,92.46982805841546,387.5,76.5,4,8.0,6.458333333333333,1.541666666666667,1.840252907336562,4,-4,-1.346141907459644,0.1621820167828891,-1.508323924242533,1.508323924242533,8,7+,-1.585530036976654,0.15408640045094177,-1.7396164374275958,1.7396164374275958,1.0,0.0,1,0.7889123644701583,0.16227736674118365
S040,2022-11-12,6,0,02:00,08:30,2,2,2,기타,1,2,-1,0,,,,0,,,,1,-1,-1,1,0,4,2,1,4,2,1.0,10744.857142857143,94.90726931289797,386.0,73.66666666666667,3,6.0,6.433333333333334,-0.4333333333333335,0.5172602766567637,4,-4,-1.346141907459644,-0.5248929283949835,-0.8212489790646604,0.8212489790646604,9,7+,-1.585530036976654,-0.360858802564104,-1.22467123441255,1.22467123441255,1.0,0.0,1,0.7889123644701583,0.11082304637227891
S041,2022-09-10,6,0,01:00,08:25,1,1,1,-1,-1,-1,-1,-1,-1.0,-1.0,-1.0,-1,-1.0,-1.0,-1.0,1,-1,-1,2,0,2,1,4,2,2,0.7142857142857143,9207.8,85.84459593961103,366.0,79.66666666666667,3,6.0,6.1,-0.0999999999999996,0.1193677561515603,2,-2,0.7789341772943849,0.9300893084522786,-0.1511551311578937,0.1511551311578937,1,1,0.7979113955402264,0.6938126981910919,0.10409869734913446,0.10409869734913446,0.979591836734694,-0.26530612244897966,2,0.6778249110739052,0.21660227992601067
S041,2022-09-21,6,0,02:13,08:13,1,1,1,-1,-1,-1,-1,-1,-1.0,-1.0,-1.0,-1,-1.0,-1.0,-1.0,1,-1,-1,3,0,6,1,3,3,1,1.0,10392.0,85.66723626157224,301.75,73.75,4,6.0,5.029166666666667,0.9708333333333332,1.1588619659714023,2,-2,0.7789341772943849,-0.5046848417721059,1.283619019066491,1.283619019066491,2,2,0.6430379055032849,-0.37902894087947314,1.022066846382758,1.022066846382758,0.979591836734694,0.020408163265306034,2,0.6778249110739052,-0.299860438064678
S041,2022-09-24,6,0,02:06,08:06,2,1,1,-1,-1,-1,-1,-1,-1.0,-1.0,-1.0,-1,-1.0,-1.0,-1.0,2,1,20,1,0,4,2,4,4,2,1.0,10715.57142857143,85.7683442175748,319.7142857142857,75.0,7,6.0,5.328571428571428,0.6714285714285717,0.8014692198747655,3,-3,-0.2836038650826296,-0.2015635424289263,-0.0820403226537032,0.0820403226537032,3,3,-0.09037128496931668,-0.05054106268847757,-0.03983022228083911,0.03983022228083911,0.979591836734694,0.020408163265306034,2,0.6778249110739052,-0.299860438064678
S041,2022-10-01,5,49,02:00,08:00,2,1,1,-1,-1,-1,-1,-1,-1.0,-1.0,-1.0,-1,-1.0,-1.0,-1.0,2,1,60,0,30,4,1,3,4,1,1.0,12892.857142857143,84.58851195760168,379.3333333333333,81.16666666666667,6,5.816666666666666,6.322222222222222,-0.5055555555555555,0.6034703227662238,3,-3,-0.2836038650826296,1.293834867664094,-1.5774387327467236,1.5774387327467236,4,4,-0.15721548427220064,0.9029459182241959,-1.0601614024963966,1.0601614024963966,0.979591836734694,0.020408163265306034,2,0.6778249110739052,0.07810403494454932
S041,2022-10-08,5,2,02:24,09:03,2,1,1,-1,-1,-1,-1,-1,-1.0,-1.0,-1.0,-1,-1.0,-1.0,-1.0,1,-1,-1,2,0,4,1,4,2,2,1.0,5458.285714285715,77.18476217528432,301.5,81.0,2,5.033333333333333,5.025,0.0083333333333328,0.0099473130126295,3,-3,-0.2836038650826296,1.2534186944183356,-1.5370225595009652,1.5370225595009652,5,5,-0.09279435431577586,0.8018918575917175,-0.8946862119074934,0.8946862119074934,0.979591836734694,0.020408163265306034,2,0.6778249110739052,0.3221750889260948
S041,2022-10-15,5,10,02:16,08:16,2,1,1,-1,-1,-1,-1,-1,-1.0,-1.0,-1.0,-1,-1.0,-1.0,-1.0,1,-1,-1,1,0,4,1,3,3,1,1.0,7999.571428571428,82.32557764740808,299.5,75.5,2,5.166666666666667,4.991666666666666,0.1750000000000007,0.2088935732652322,3,-3,-0.2836038650826296,-0.0803150226916545,-0.203288842390975,0.203288842390975,6,6,-0.1932295586541105,-0.11377560411033204,-0.07945395454377847,0.07945395454377847,0.979591836734694,0.020408163265306034,2,0.6778249110739052,0.07810403494454932
S041,2022-10-22,6,40,02:00,08:00,1,1,1,-1,-1,-1,-1,-1,-1.0,-1.0,-1.0,-1,-1.0,-1.0,-1.0,1,-1,-1,4,0,4,1,4,3,1,1.0,9739.714285714286,85.85615949370958,303.6,75.8,5,6.666666666666667,5.0600000000000005,1.6066666666666665,1.917841948835076,2,-2,0.7789341772943849,-0.0075659108492921,0.786500088143677,0.786500088143677,7,7+,0.49994190355119744,0.02686464441192972,0.47307725913926774,0.47307725913926774,0.979591836734694,0.020408163265306034,2,0.6778249110739052,-0.1433024272490564
S041,2022-10-29,6,53,02:00,09:00,1,1,2,기타,3,2,-1,0,,,,0,,,,1,-1,-1,2,0,4,1,4,3,1,1.0,9992.0,85.88873738127133,381.2857142857143,79.0,7,6.883333333333333,6.354761904761904,0.5285714285714285,0.6309438539439639,2,-2,0.7789341772943849,0.7684246154692482,0.0105095618251366,0.0105095618251366,8,7+,0.49994190355119744,0.6084498148759829,-0.10850791132478549,0.10850791132478549,0.979591836734694,0.020408163265306034,2,0.6778249110739052,-0.6778249110739052
S041,2022-11-06,4,0,04:00,08:34,1,1,1,-1,-1,-1,-1,-1,-1.0,-1.0,-1.0,-1,-1.0,-1.0,-1.0,1,-1,-1,2,0,4,3,2,2,1,1.0,6818.857142857143,83.08586311841472,397.0,77.0,1,4.0,6.616666666666666,-2.6166666666666663,3.1234562859658395,2,-2,0.7789341772943849,0.2834305365201609,0.4955036407742239,0.4955036407742239,9,7+,0.49994190355119744,0.24495908333595,0.25498282021524743,0.25498282021524743,0.979591836734694,0.020408163265306034,2,0.6778249110739052,-0.1898748745996386
S041,2022-11-13,5,45,02:05,08:05,1,1,2,기타,3,2,-1,0,,,,0,,,,1,-1,-1,0,30,4,1,3,3,1,1.0,11836.142857142857,87.66885638033172,414.0,80.75,4,5.75,6.9,-1.1500000000000004,1.3727291957429493,2,-2,0.7789341772943849,1.1927944345496997,-0.4138602572553148,0.4138602572553148,10,7+,0.49994190355119744,0.9265042049735118,-0.4265623014223144,0.4265623014223144,0.979591836734694,0.020408163265306034,2,0.6778249110739052,0.07810403494454932
S041,2022-11-19,6,5,03:12,10:07,1,1,1,-1,-1,-1,-1,-1,-1.0,-1.0,-1.0,-1,-1.0,-1.0,-1.0,1,-1,-1,3,0,12,3,2,3,1,1.0,9276.857142857143,82.96514331380857,377.6,79.8,5,6.083333333333333,6.293333333333334,-0.2100000000000008,0.2506722879182786,2,-2,0.7789341772943849,0.9624222470488824,-0.1834880697544976,0.1834880697544976,11,7+,0.49994190355119744,0.7538461074919957,-0.2539042039407982,0.2539042039407982,0.979591836734694,0.020408163265306034,2,0.6778249110739052,-0.1898748745996386
S041,2022-11-27,5,18,03:04,08:49,1,1,1,-1,-1,-1,-1,-1,-1.0,-1.0,-1.0,-1,-1.0,-1.0,-1.0,1,-1,-1,4,50,12,3,1,3,1,1.0,8379.714285714286,85.62792253012212,323.0,78.33333333333333,6,5.3,5.383333333333334,-0.0833333333333339,0.0994731301263013,2,-2,0.7789341772943849,0.606759922486218,0.1721742548081668,0.1721742548081668,12,7+,0.49994190355119744,0.4872862376959711,0.012655665855226317,0.012655665855226317,0.979591836734694,0.020408163265306034,2,0.6778249110739052,0.2733648201374368
S041,2022-12-03,5,50,03:44,09:38,2,1,1,-1,-1,-1,-1,-1,-1.0,-1.0,-1.0,-1,-1.0,-1.0,-1.0,1,-1,-1,4,0,12,3,2,3,1,1.0,9056.285714285714,89.49449875014167,378.5,81.16666666666667,6,5.833333333333333,6.308333333333334,-0.4750000000000005,0.5669968417199143,3,-3,-0.2836038650826296,1.293834867664094,-1.5774387327467236,1.5774387327467236,13,7+,-0.5427940667127283,1.0022314407110195,-1.5450255074237478,1.5450255074237478,0.979591836734694,0.020408163265306034,2,0.6778249110739052,0.298075161874628
S041,2022-12-10,5,55,03:37,09:13,1,1,1,-1,-1,-1,-1,-1,-1.0,-1.0,-1.0,-1,-1.0,-1.0,-1.0,1,-1,-1,5,0,13,3,1,3,2,1.0,6668.571428571428,88.02165097518821,360.8,81.0,5,5.916666666666667,6.013333333333334,-0.0966666666666666,0.1153888309465087,2,-2,0.7789341772943849,1.2534186944183356,-0.4744845171239508,0.4744845171239508,14,7+,0.49994190355119744,0.9719405464160159,-0.47199864286481846,0.47199864286481846,0.979591836734694,0.020408163265306034,2,0.6778249110739052,0.4560685079537765
S042,2022-09-17,8,0,03:00,09:00,1,2,1,-1,-1,-1,-1,-1,-1.0,-1.0,-1.0,-1,-1.0,-1.0,-1.0,1,-1,-1,1,0,50,1,4,2,1,1.0,5347.285714285715,91.8448604300113,338.0,69.5,2,8.0,5.633333333333334,2.3666666666666663,2.825036895586938,3,-3,-0.2836038650826296,-1.5352972595389165,1.251693394456287,1.251693394456287,1,1,-0.25388089858098084,-1.3490545839328054,1.0951736853518246,1.0951736853518246,0.9183673469387755,0.08163265306122447,2,0.7523799017093392,-0.7523799017093392
S042,2022-09-24,5,0,02:00,08:00,1,1,1,-1,-1,-1,-1,-1,-1.0,-1.0,-1.0,-1,-1.0,-1.0,-1.0,1,-1,-1,1,0,50,1,4,4,4,1.0,9398.42857142857,92.91570429272323,369.0,71.75,4,5.0,6.15,-1.1500000000000004,1.3727291957429493,2,-2,0.7789341772943849,-0.9896789207211932,1.768613098015578,1.768613098015578,2,2,0.6430379055032849,-0.8007492752096075,1.4437871807128924,1.4437871807128924,0.9183673469387755,0.08163265306122447,2,0.7523799017093392,0.5011864393466782
S042,2022-10-01,8,0,02:00,08:30,1,2,1,-1,-1,-1,-1,-1,-1.0,-1.0,-1.0,-1,-1.0,-1.0,-1.0,2,2,60,0,30,50,1,3,4,2,1.0,10461.42857142857,91.49879721771973,351.8,67.6,5,8.0,5.863333333333333,2.1366666666666667,2.5504910564383483,3,-3,-0.2836038650826296,-1.996041634540551,1.7124377694579214,1.7124377694579214,3,3,-0.09037128496931668,-1.5465565182674998,1.456185233298183,1.456185233298183,0.9183673469387755,0.08163265306122447,2,0.7523799017093392,-0.374415428700112
S042,2022-10-08,6,0,03:00,09:00,1,2,1,-1,-1,-1,-1,-1,-1.0,-1.0,-1.0,-1,-1.0,-1.0,-1.0,1,-1,-1,0,45,50,1,4,4,1,1.0,5040.571428571428,80.2077507440102,307.3333333333333,69.0,3,6.0,5.122222222222222,0.8777777777777782,1.0477836373303673,3,-3,-0.2836038650826296,-1.6565457792761884,1.3729419141935588,1.3729419141935588,4,4,-0.15721548427220064,-1.4642695479318184,1.3070540636596177,1.3070540636596177,0.9183673469387755,0.08163265306122447,2,0.7523799017093392,0.5386145470264664
S042,2022-10-15,5,0,06:00,10:00,1,1,1,-1,-1,-1,-1,-1,-1.0,-1.0,-1.0,-1,-1.0,-1.0,-1.0,1,-1,-1,1,0,50,2,2,3,2,1.0,8411.42857142857,84.75482833146961,338.8333333333333,67.83333333333333,6,5.0,5.647222222222222,-0.6472222222222221,0.7725746439809349,2,-2,0.7789341772943849,-1.9394589919964904,2.718393169290876,2.718393169290876,5,5,0.7114233830876148,-1.4337400993720848,2.1451634824596995,2.1451634824596995,0.9183673469387755,0.08163265306122447,2,0.7523799017093392,-0.7523799017093392
S042,2022-10-22,6,0,06:00,10:00,1,1,1,-1,-1,-1,-1,-1,-1.0,-1.0,-1.0,-1,-1.0,-1.0,-1.0,2,3,30,1,30,50,2,2,4,2,1.0,10184.42857142857,89.37693602323195,347.6666666666667,66.66666666666667,6,6.0,5.794444444444445,0.2055555555555548,0.2453670543115407,2,-2,0.7789341772943849,-2.222372204716789,3.001306382011174,3.001306382011174,6,6,0.5796886759623315,-1.6635048055764443,2.2431934815387757,2.2431934815387757,0.9183673469387755,0.08163265306122447,2,0.7523799017093392,0.3815135173183425
S042,2022-10-29,8,0,03:00,09:00,1,2,2,헬스,3,0,-1,0,,,,0,,,,1,-1,-1,1,0,50,1,3,3,2,0.4285714285714285,8936.333333333334,90.21968110926028,450.3333333333333,77.66666666666667,3,8.0,7.5055555555555555,0.4944444444444444,0.5902072387493839,3,-3,-0.2836038650826296,0.4450952295031912,-0.7286990945858207,0.7286990945858207,7,7+,-0.5427940667127283,0.3661226605159618,-0.9089167272286902,0.9089167272286902,0.9183673469387755,-0.48979591836734704,2,0.7523799017093392,0.3815135173183425
S069,2022-10-08,4,50,03:00,09:00,2,1,2,달리기,1,0,-1,0,,,,0,,,,1,-1,-1,0,30,15,1,3,2,2,0.5714285714285714,6668.0,74.35613570136154,347.0,80.5,2,4.833333333333333,5.783333333333333,-0.9500000000000002,1.1339936834398274,3,-3,-0.2836038650826296,1.1321701746810635,-1.415774039763693,1.415774039763693,1,1,-0.25388089858098084,0.8612608360700988,-1.1151417346510797,1.1151417346510797,0.9285714285714285,-0.3571428571428571,1,0.13103546057884838,-0.13103546057884838
S069,2022-10-18,5,47,15:00,21:30,2,1,2,달리기,1,0,-1,0,,,,0,,,,1,-1,-1,0,30,14,2,2,2,2,1.0,5229.714285714285,74.03407353905423,325.42857142857144,73.57142857142857,7,5.783333333333333,5.423809523809524,0.3595238095238091,0.4291555042591823,3,-3,-0.2836038650826296,-0.5479878845354178,0.2643840194527882,0.2643840194527882,2,2,-0.2893670574764781,-0.41668254215894984,0.12731548468247172,0.12731548468247172,0.9285714285714285,0.07142857142857151,1,0.13103546057884838,-0.13103546057884838
S069,2022-10-23,5,42,02:00,09:00,1,2,1,-1,-1,-1,-1,-1,-1.0,-1.0,-1.0,-1,-1.0,-1.0,-1.0,1,-1,-1,0,30,14,1,4,1,1,1.0,5106.571428571428,72.07091609362854,328.2857142857143,75.14285714285714,7,5.7,5.471428571428572,0.2285714285714286,0.2728405854892818,3,-3,-0.2836038650826296,-0.1669211082182782,-0.1166827568643513,0.1166827568643513,3,3,-0.09037128496931668,-0.021660455437918138,-0.06871082953139854,0.06871082953139854,0.9285714285714285,0.07142857142857151,1,0.13103546057884838,0.24692901243037893
S069,2022-10-31,5,50,02:00,08:30,2,1,1,-1,-1,-1,-1,-1,-1.0,-1.0,-1.0,-1,-1.0,-1.0,-1.0,1,-1,-1,0,30,14,1,4,2,1,1.0,7261.428571428572,76.15264625314228,347.57142857142856,76.85714285714286,7,5.833333333333333,5.792857142857143,0.0404761904761903,0.0483155203470601,3,-3,-0.2836038650826296,0.2487881023095128,-0.5323919673921425,0.5323919673921425,4,4,-0.15721548427220064,0.06446059655249632,-0.22167608082469697,0.22167608082469697,0.9285714285714285,0.07142857142857151,1,0.13103546057884838,-0.13103546057884838
S069,2022-11-06,6,21,02:30,10:00,1,1,1,-1,-1,-1,-1,-1,-1.0,-1.0,-1.0,-1,-1.0,-1.0,-1.0,1,-1,-1,0,40,21,1,3,1,1,1.0,7363.428571428572,74.69473614329887,368.4285714285714,79.0,7,6.35,6.14047619047619,0.2095238095238096,0.2501038700318417,2,-2,0.7789341772943849,0.7684246154692482,0.0105095618251366,0.0105095618251366,5,5,0.7114233830876148,0.4623021932427857,0.24912118984482906,0.24912118984482906,0.9285714285714285,0.07142857142857151,1,0.13103546057884838,0.2772128298850145
S069,2022-11-15,6,31,02:30,08:03,1,1,1,-1,-1,-1,-1,-1,-1.0,-1.0,-1.0,-1,-1.0,-1.0,-1.0,1,-1,-1,0,30,15,1,3,1,2,1.0,5488.428571428572,75.08019238809524,350.57142857142856,77.57142857142857,7,6.516666666666667,5.842857142857143,0.6738095238095241,0.8043113093069455,2,-2,0.7789341772943849,0.4220002733627568,0.356933903931628,0.356933903931628,6,6,0.5796886759623315,0.2496379822173006,0.33005069374503093,0.33005069374503093,0.9285714285714285,0.07142857142857151,1,0.13103546057884838,-0.13103546057884838
S071,2022-10-09,8,0,01:36,08:30,1,1,1,-1,-1,-1,-1,-1,-1.0,-1.0,-1.0,-1,-1.0,-1.0,-1.0,1,-1,-1,0,30,6,1,3,3,3,1.0,5104.857142857143,81.4182670555665,377.0,78.25,4,8.0,6.283333333333333,1.7166666666666668,2.0491464806017934,2,-2,0.7789341772943849,0.5865518358633405,0.1923823414310443,0.1923823414310443,1,1,0.7979113955402264,0.4091508637967775,0.3887605317434489,0.3887605317434489,1.0,0.0,1,0.3779644730092273,-0.3779644730092273
S071,2022-10-16,8,0,02:00,08:30,1,1,1,-1,-1,-1,-1,-1,-1.0,-1.0,-1.0,-1,-1.0,-1.0,-1.0,1,-1,-1,0,30,6,1,2,3,3,1.0,4054.571428571429,81.69947411236421,372.1428571428572,75.85714285714286,7,8.0,6.202380952380953,1.7976190476190466,2.1457775212959125,2,-2,0.7789341772943849,0.0062910628349691,0.7726431144594157,0.7726431144594157,2,2,0.6430379055032849,0.06528355421834788,0.577754351284937,0.577754351284937,1.0,0.0,1,0.3779644730092273,0.0
S071,2022-10-22,8,0,14:40,20:00,1,1,1,-1,-1,-1,-1,-1,-1.0,-1.0,-1.0,-1,-1.0,-1.0,-1.0,1,-1,-1,0,30,6,1,3,2,2,1.0,4021.714285714286,83.86728241794572,334.3333333333333,74.16666666666667,6,8.0,5.572222222222222,2.427777777777778,2.897983857679559,2,-2,0.7789341772943849,-0.4036444086577116,1.1825785859520963,1.1825785859520963,3,3,0.7832178030674114,-0.21901127165007808,1.0022290747174896,1.0022290747174896,1.0,0.0,1,0.3779644730092273,0.3779644730092272
S119,2022-08-14,7,20,05:00,13:00,3,1,1,-1,-1,-1,-1,-1,-1.0,-1.0,-1.0,-1,-1.0,-1.0,-1.0,1,-1,-1,2,0,1,1,3,3,2,1.0,2566.0,69.3094600073911,435.8333333333333,80.66666666666667,6,7.333333333333333,7.263888888888888,0.0694444444444446,0.0828942751052507,4,-4,-1.346141907459644,1.172586347926822,-2.518728255386466,2.518728255386466,5,5,-0.8970120917191664,0.7452935802002297,-1.642305671919396,1.642305671919396,0.9142857142857143,0.08571428571428574,2,0.2453947712438919,0.27100300825043033
S119,2022-08-20,6,0,07:45,13:45,3,1,1,-1,-1,-1,-1,-1,-1.0,-1.0,-1.0,-1,-1.0,-1.0,-1.0,1,-1,-1,3,0,1,1,3,3,2,1.0,1589.571428571429,68.59941455520918,401.0,81.5,6,6.0,6.683333333333334,-0.6833333333333336,0.8156796670356655,4,-4,-1.346141907459644,1.374667214155607,-2.7208091216152512,2.7208091216152512,6,6,-0.9661477932705526,0.9388706459421221,-1.9050184392126748,1.9050184392126748,0.9142857142857143,0.08571428571428574,2,0.2453947712438919,0.3023277862612742
S119,2022-08-27,8,0,02:00,10:00,1,1,1,-1,-1,-1,-1,-1,-1.0,-1.0,-1.0,-1,-1.0,-1.0,-1.0,1,-1,-1,4,0,3,1,3,2,2,1.0,9798.857142857143,78.89215374267869,429.4,75.0,5,8.0,7.156666666666666,0.8433333333333337,1.0066680768781628,2,-2,0.7789341772943849,-0.2015635424289263,0.9804977197233112,0.9804977197233112,7,7+,0.49994190355119744,-0.11853164820408295,0.6184735517552804,0.6184735517552804,0.9142857142857143,0.08571428571428574,2,0.2453947712438919,-0.2453947712438919
S119,2022-09-03,8,0,01:20,08:40,1,1,1,-1,-1,-1,-1,-1,-1.0,-1.0,-1.0,-1,-1.0,-1.0,-1.0,1,-1,-1,3,0,2,1,3,2,2,1.0,4252.857142857143,78.5977313256781,399.2857142857143,72.42857142857143,7,8.0,6.654761904761904,1.3452380952380958,1.6057805291817109,2,-2,0.7789341772943849,-0.8251273582206096,1.6040615355149943,1.6040615355149943,8,7+,0.49994190355119744,-0.5858768744698393,1.0858187780210367,1.0858187780210367,0.9142857142857143,0.08571428571428574,2,0.2453947712438919,0.16285351921997113
S119,2022-09-10,8,0,01:00,09:00,1,1,1,-1,-1,-1,-1,-1,-1.0,-1.0,-1.0,-1,-1.0,-1.0,-1.0,1,-1,-1,3,0,3,1,3,2,2,1.0,3354.285714285714,76.65887031350589,489.0,84.0,6,8.0,8.15,-0.1500000000000003,0.1790516342273415,2,-2,0.7789341772943849,1.9809098128419669,-1.2019756355475817,1.2019756355475817,9,7+,0.49994190355119744,1.5171766437260652,-1.0172347401748678,1.0172347401748678,0.9142857142857143,0.08571428571428574,2,0.2453947712438919,-0.2453947712438919
S119,2022-09-18,8,0,01:30,09:00,1,1,1,-1,-1,-1,-1,-1,-1.0,-1.0,-1.0,-1,-1.0,-1.0,-1.0,1,-1,-1,3,0,3,1,3,2,2,0.4285714285714285,1099.6666666666667,69.27046981454092,526.6666666666666,85.0,3,8.0,8.777777777777777,-0.7777777777777768,0.9284158811788048,2,-2,0.7789341772943849,2.22340685231651,-1.444472675022125,1.444472675022125,10,7+,0.49994190355119744,1.6989220094960817,-1.1989801059448844,1.1989801059448844,0.9142857142857143,-0.48571428571428577,2,0.2453947712438919,-0.2453947712438919
S504,2022-09-17,9,00,13:38,21:00,1,1,1,-1,-1,-1,-1,-1,-1.0,-1.0,-1.0,-1,-1.0,-1.0,-1.0,1,-1,-1,3,0,3,1,4,4,1,1.0,4752.142857142857,73.74007002782727,355.2,72.6,5,9.0,5.92,3.08,3.676526889468072,2,-2,0.7789341772943849,-0.7835564371678325,1.5624906144622177,1.5624906144622177,1,1,0.7979113955402264,-0.7261475110228972,1.5240589065631236,1.5240589065631236,1.0,0.0,1,0.09168645205657613,-0.09168645205657613
S504,2022-09-25,10,00,03:02,10:02,1,1,1,-1,-1,-1,-1,-1,-1.0,-1.0,-1.0,-1,-1.0,-1.0,-1.0,1,-1,-1,1,0,3,1,4,2,1,1.0,6364.428571428572,75.5846903567397,416.0,73.57142857142857,7,10.0,6.933333333333334,3.0666666666666664,3.660611188647864,2,-2,0.7789341772943849,-0.5479878845354178,1.3269220618298028,1.3269220618298028,2,2,0.6430379055032849,-0.41668254215894984,1.0597204476622348,1.0597204476622348,1.0,0.0,1,0.09168645205657613,0.2862780209526512
S504,2022-10-02,10,00,10:22,10:22,1,1,1,-1,-1,-1,-1,-1,-1.0,-1.0,-1.0,-1,-1.0,-1.0,-1.0,1,-1,-1,2,0,3,1,4,3,1,1.0,6079.857142857143,75.71257308718944,387.6666666666667,73.33333333333333,6,10.0,6.461111111111111,3.5388888888888888,4.224292259363567,2,-2,0.7789341772943849,-0.6057252748865003,1.3846594521808853,1.3846594521808853,3,3,0.7832178030674114,-0.3874814806116815,1.1706992836790928,1.1706992836790928,1.0,0.0,1,0.09168645205657613,-0.09168645205657613
S504,2022-10-08,9,00,23:39,21:39,1,1,1,-1,-1,-1,-1,-1,-1.0,-1.0,-1.0,-1,-1.0,-1.0,-1.0,1,-1,-1,1,0,3,1,4,1,2,1.0,4035.571428571429,76.68213257319994,426.3333333333333,71.16666666666667,6,9.0,7.105555555555555,1.8944444444444448,2.261355824871235,2,-2,0.7789341772943849,-1.1311355270813426,1.9100697043757275,1.9100697043757275,4,4,0.691748130797683,-1.0427106293012944,1.7344587600989776,1.7344587600989776,1.0,0.0,1,0.09168645205657613,0.35552714344338177
S504,2022-10-16,9,00,01:54,10:54,1,1,1,-1,-1,-1,-1,-1,-1.0,-1.0,-1.0,-1,-1.0,-1.0,-1.0,1,-1,-1,2,0,3,1,4,2,1,1.0,6558.285714285715,76.53495304773502,389.1666666666667,75.0,6,9.0,6.486111111111112,2.5138888888888884,3.000772758810069,2,-2,0.7789341772943849,-0.2015635424289263,0.9804977197233112,0.9804977197233112,5,5,0.7114233830876148,-0.21687713545507806,0.9283005185426928,0.9283005185426928,1.0,0.0,1,0.09168645205657613,-0.09168645205657613
S504,2022-10-23,9,00,23:37,10:37,1,1,1,-1,-1,-1,-1,-1,-1.0,-1.0,-1.0,-1,-1.0,-1.0,-1.0,1,-1,-1,2,0,3,1,4,4,2,1.0,5343.285714285715,78.7898205093492,438.75,74.25,4,9.0,7.3125,1.6875,2.014330885057588,2,-2,0.7789341772943849,-0.3834363220348341,1.162370499329219,1.162370499329219,6,6,0.5796886759623315,-0.3330769062045933,0.9127655821669248,0.9127655821669248,1.0,0.0,1,0.09168645205657613,-0.09168645205657613
S504,2022-10-29,11,0#,23:46,08:46,1,1,1,-1,-1,-1,-1,-1,-1.0,-1.0,-1.0,-1,-1.0,-1.0,-1.0,1,-1,-1,1,0,3,1,4,1,1,1.0,7958.428571428572,82.20242166795391,380.6,72.6,5,,6.343333333333334,,,2,-2,0.7789341772943849,-0.7835564371678325,1.5624906144622177,1.5624906144622177,7,7+,0.49994190355119744,-0.5547205260521235,1.054662429603321,1.054662429603321,1.0,0.0,1,0.09168645205657613,-0.09168645205657613
S504,2022-11-06,8,00,01:59,10:59,1,1,1,-1,-1,-1,-1,-1,-1.0,-1.0,-1.0,-1,-1.0,-1.0,-1.0,1,-1,-1,2,0,3,1,4,4,1,1.0,6409.142857142857,74.86969430851754,462.2857142857143,76.85714285714286,7,8.0,7.704761904761905,0.2952380952380951,0.3524190895903221,2,-2,0.7789341772943849,0.2487881023095128,0.5301460749848721,0.5301460749848721,8,7+,0.49994190355119744,0.2189954596545198,0.28094644389667767,0.28094644389667767,1.0,0.0,1,0.09168645205657613,-0.09168645205657613
S504,2022-11-13,9,00,00:48,08:48,1,1,1,-1,-1,-1,-1,-1,-1.0,-1.0,-1.0,-1,-1.0,-1.0,-1.0,1,-1,-1,2,0,3,1,4,4,1,1.0,7294.428571428572,77.79942369043594,388.8,74.2,5,9.0,6.48,2.52,3.0080674550193307,2,-2,0.7789341772943849,-0.3955611740085606,1.1744953513029457,1.1744953513029457,9,7+,0.49994190355119744,-0.26392794082009563,0.763869844371293,0.763869844371293,1.0,0.0,1,0.09168645205657613,-0.09168645205657613
S505,2022-09-17,6,30,12:30,19:00,2,1,1,-1,-1,-1,-1,-1,-1.0,-1.0,-1.0,-1,-1.0,-1.0,-1.0,1,-1,-1,0,30,3,1,3,2,2,0.2857142857142857,5058.0,88.66171960078222,432.0,86.0,1,6.5,7.2,-0.7000000000000002,0.8355742930609256,3,-3,-0.2836038650826296,2.465903891791054,-2.749507756873683,2.749507756873683,1,1,-0.25388089858098084,1.966418546071551,-2.220299444652532,2.220299444652532,0.9107142857142857,-0.625,2,1.2682000984827393,-0.5610933172961917
S505,2022-10-03,4,0,01:27,17:57,1,3,1,-1,-1,-1,-1,-1,-1.0,-1.0,-1.0,-1,-1.0,-1.0,-1.0,1,-1,-1,0,30,6,2,2,3,3,1.0,9464.0,92.5024280948706,362.8333333333333,75.83333333333333,6,4.0,6.047222222222222,-2.0472222222222216,2.443723230102785,4,-4,-1.346141907459644,0.0005173237998588,-1.3466592312595027,1.3466592312595027,2,2,-1.2217720204562412,0.06026307404774918,-1.2820350945039904,1.2820350945039904,0.9107142857142857,0.0892857142857143,2,1.2682000984827393,0.3647930633727128
S505,2022-10-08,6,0,01:00,18:30,1,3,1,-1,-1,-1,-1,-1,-1.0,-1.0,-1.0,-1,-1.0,-1.0,-1.0,1,-1,-1,0,20,4,1,3,1,3,1.0,4443.857142857143,85.44672915279612,392.6,79.0,5,6.0,6.543333333333334,-0.5433333333333339,0.6485648084234809,4,-4,-1.346141907459644,0.7684246154692482,-2.114566522928892,2.114566522928892,3,3,-0.9639603730060448,0.7581159403272095,-1.7220763133332544,1.7220763133332544,0.9107142857142857,0.0892857142857143,2,1.2682000984827393,-0.09915490403272709
S505,2022-10-17,6,30,12:00,07:00,1,4,1,-1,-1,-1,-1,-1,-1.0,-1.0,-1.0,-1,-1.0,-1.0,-1.0,1,-1,-1,0,30,6,1,4,1,2,1.0,5898.0,87.30085747856795,367.7142857142857,75.57142857142857,7,6.5,6.128571428571429,0.371428571428571,0.4433659514200823,5,-5,-2.4086799498366585,-0.0629938055863305,-2.345686144250328,2.345686144250328,4,4,-1.855142714411968,-0.1856952452722108,-1.6694474691397574,1.6694474691397574,0.9107142857142857,0.0892857142857143,2,1.2682000984827393,-0.1555028179543656
S505,2022-10-22,6,11,23:01,18:01,1,2,1,-1,-1,-1,-1,-1,-1.0,-1.0,-1.0,-1,-1.0,-1.0,-1.0,1,-1,-1,0,30,5,1,4,1,2,1.0,6085.285714285715,88.75089172004796,362.8571428571428,74.14285714285714,7,6.183333333333334,6.047619047619047,0.135714285714287,0.1619990976342626,3,-3,-0.2836038650826296,-0.4094181476928219,0.1258142826101923,0.1258142826101923,5,5,-0.09279435431577586,-0.3624155630331924,0.2696212087174165,0.2696212087174165,0.9107142857142857,0.0892857142857143,2,1.2682000984827393,-0.2682000984827393
S505,2022-10-31,6,11,22:00,18:30,1,1,1,-1,-1,-1,-1,-1,-1.0,-1.0,-1.0,-1,-1.0,-1.0,-1.0,1,-1,-1,0,20,4,1,3,1,1,1.0,7256.142857142857,88.61195067975943,374.1428571428572,78.71428571428571,7,6.183333333333334,6.235714285714287,-0.052380952380953,0.0625259675079612,2,-2,0.7789341772943849,0.6991397470479486,0.0797944302464362,0.0797944302464362,6,6,0.5796886759623315,0.4501420298463388,0.12954664611599276,0.12954664611599276,0.9107142857142857,0.0892857142857143,2,1.2682000984827393,0.00421792207796412
S505,2022-11-08,6,19,23:00,17:37,1,2,1,-1,-1,-1,-1,-1,-1.0,-1.0,-1.0,-1,-1.0,-1.0,-1.0,1,-1,-1,0,20,3,1,4,2,2,1.0,6855.714285714285,90.34790443595324,345.0,75.28571428571429,7,6.316666666666666,5.75,0.5666666666666664,0.6764172848588441,3,-3,-0.2836038650826296,-0.1322786740076267,-0.1513251910750028,0.1513251910750028,7,7+,-0.5427940667127283,-0.06660440084121999,-0.47618966587150835,0.47618966587150835,0.9107142857142857,0.0892857142857143,2,1.2682000984827393,0.3647930633727128
S505,2022-11-12,5,51,12:00,18:09,1,1,1,-1,-1,-1,-1,-1,-1.0,-1.0,-1.0,-1,-1.0,-1.0,-1.0,1,-1,-1,0,10,6,1,4,1,1,1.0,8735.714285714286,92.25242618506192,354.7142857142857,74.42857142857143,7,5.85,5.911904761904762,-0.0619047619047625,0.0738943252366812,2,-2,0.7789341772943849,-0.3401332792715222,1.1190674565659071,1.1190674565659071,8,7+,0.49994190355119744,-0.22238614292980627,0.7223280464810037,0.7223280464810037,0.9107142857142857,0.0892857142857143,2,1.2682000984827393,0.3501470889426348
S507,2022-09-24,5,0,21:10,06:30,1,1,1,-1,-1,-1,-1,-1,-1.0,-1.0,-1.0,-1,-1.0,-1.0,-1.0,1,-1,-1,1,0,4,2,2,3,3,1.0,8616.285714285714,89.50815786198318,329.8,69.2,5,5.0,5.496666666666667,-0.496666666666667,0.5928598555527522,2,-2,0.7789341772943849,-1.608046371381279,2.386980548675664,2.386980548675664,1,1,0.7979113955402264,-1.4093359135692478,2.207247309109474,2.207247309109474,0.9142857142857143,0.08571428571428574,2,0.7057918113320287,0.0013149698545188437
S507,2022-10-02,5,0,21:30,05:30,1,1,1,-1,-1,-1,-1,-1,-1.0,-1.0,-1.0,-1,-1.0,-1.0,-1.0,1,-1,-1,0,30,4,2,3,2,3,1.0,7614.428571428572,91.44885805367986,280.0,65.25,4,5.0,4.666666666666667,0.333333333333333,0.3978925205052022,2,-2,0.7789341772943849,-2.565909677305727,3.344843854600112,3.344843854600112,2,2,0.6430379055032849,-2.171340361782544,2.814378267285829,2.814378267285829,0.9142857142857143,0.08571428571428574,2,0.7057918113320287,0.428101607695653
S507,2022-10-09,6,0,21:30,04:30,1,1,1,-1,-1,-1,-1,-1,-1.0,-1.0,-1.0,-1,-1.0,-1.0,-1.0,1,-1,-1,0,30,3,2,3,3,3,1.0,7213.714285714285,87.7599748950158,266.0,65.2,5,6.0,4.433333333333334,1.5666666666666664,1.870094846374452,2,-2,0.7789341772943849,-2.5780345292794538,3.3569687065738387,3.3569687065738387,3,3,0.7832178030674114,-2.0317507200769103,2.8149685231443216,2.8149685231443216,0.9142857142857143,0.08571428571428574,2,0.7057918113320287,-0.21784177485776213
S507,2022-10-16,6,0,21:30,05:30,1,1,1,-1,-1,-1,-1,-1,-1.0,-1.0,-1.0,-1,-1.0,-1.0,-1.0,1,-1,-1,0,30,3,2,3,3,3,1.0,8849.714285714286,90.62691259766368,268.4,66.8,5,6.0,4.473333333333333,1.5266666666666673,1.8223477439138285,2,-2,0.7789341772943849,-2.190039266120185,2.96897344341457,2.96897344341457,4,4,0.691748130797683,-1.892313988387427,2.58406211918511,2.58406211918511,0.9142857142857143,0.08571428571428574,2,0.7057918113320287,-0.015726251989674478
S507,2022-10-22,5,0,22:30,05:00,1,1,1,-1,-1,-1,-1,-1,-1.0,-1.0,-1.0,-1,-1.0,-1.0,-1.0,1,-1,-1,0,30,4,2,2,2,2,1.0,11869.714285714286,92.75160714768032,306.25,64.25,4,5.0,5.104166666666667,-0.1041666666666669,0.1243414126578761,2,-2,0.7789341772943849,-2.808406716780271,3.587340894074656,3.587340894074656,5,5,0.7114233830876148,-2.042171581330587,2.753594964418202,2.753594964418202,0.9142857142857143,0.08571428571428574,2,0.7057918113320287,0.046980841377052274
S507,2022-10-30,6,0,21:30,05:30,1,1,1,-1,-1,-1,-1,-1,-1.0,-1.0,-1.0,-1,-1.0,-1.0,-1.0,2,0,30,0,30,4,3,1,2,2,1.0,11841.714285714286,92.26717828226948,262.0,68.42857142857143,7,6.0,4.366666666666666,1.6333333333333335,1.949673350475493,2,-2,0.7789341772943849,-1.7951155161187842,2.574049693413169,2.574049693413169,6,6,0.5796886759623315,-1.3543943988150098,1.9340830747773414,1.9340830747773414,0.9142857142857143,0.08571428571428574,2,0.7057918113320287,0.08100398113741447
S507,2022-11-07,6,0,21:30,05:30,1,1,1,-1,-1,-1,-1,-1,-1.0,-1.0,-1.0,-1,-1.0,-1.0,-1.0,1,-1,-1,0,30,4,2,2,3,3,0.7142857142857143,8054.2,87.35853441379705,266.3333333333333,64.0,3,6.0,4.438888888888888,1.5611111111111118,1.8634633043660327,2,-2,0.7789341772943849,-2.8690309766489066,3.647965153943292,3.647965153943292,7,7+,0.49994190355119744,-2.117730671674264,2.6176725752254617,2.6176725752254617,0.9142857142857143,-0.19999999999999996,2,0.7057918113320287,-0.17126932750718005
S507,2022-11-12,5,0,21:30,05:11,1,1,1,-1,-1,-1,-1,-1,-1.0,-1.0,-1.0,-1,-1.0,-1.0,-1.0,1,-1,-1,0,30,2,2,2,3,3,0.4285714285714285,5356.666666666667,90.05274769939797,213.0,64.0,2,5.0,3.55,1.4500000000000002,1.7308324641976314,2,-2,0.7789341772943849,-2.8690309766489066,3.647965153943292,3.647965153943292,8,7+,0.49994190355119744,-2.117730671674264,2.6176725752254617,2.6176725752254617,0.9142857142857143,-0.48571428571428577,2,0.7057918113320287,0.08100398113741447
S507,2022-11-19,7,0,20:30,05:30,1,1,1,-1,-1,-1,-1,-1,-1.0,-1.0,-1.0,-1,-1.0,-1.0,-1.0,1,-1,-1,0,30,2,3,1,2,3,1.0,9854.857142857143,96.97106150842777,408.0,67.75,4,7.0,6.8,0.2000000000000001,0.2387355123031217,2,-2,0.7789341772943849,-1.959667078619368,2.738601255913753,2.738601255913753,9,7+,0.49994190355119744,-1.4361855500367025,1.9361274535878998,1.9361274535878998,0.9142857142857143,0.08571428571428574,2,0.7057918113320287,-0.21784177485776213
S507,2022-11-26,6,0,21:01,05:10,1,1,1,-1,-1,-1,-1,-1,-1.0,-1.0,-1.0,-1,-1.0,-1.0,-1.0,2,5,30,0,30,2,3,1,3,3,1.0,11003.0,90.22776271371232,347.5,66.0,4,6.0,5.791666666666667,0.208333333333333,0.2486828253157512,2,-2,0.7789341772943849,-2.3840368976998194,3.1629710749942044,3.1629710749942044,10,7+,0.49994190355119744,-1.7542399401342312,2.2541818436854286,2.2541818436854286,0.9142857142857143,0.08571428571428574,2,0.7057918113320287,-0.015726251989674478
S646,2022-09-09,7,0,22:29,06:06,1,1,2,헬스,1,0,-1,0,,,,0,,,,1,-1,-1,0,30,0,1,3,2,1,1.0,6976.428571428572,70.54218138042322,418.8333333333333,79.16666666666667,6,7.0,6.980555555555555,0.0194444444444448,0.0232103970294705,2,-2,0.7789341772943849,0.8088407887150066,-0.0299066114206217,0.0299066114206217,2,2,0.6430379055032849,0.7631302979313085,-0.12009239242802361,0.12009239242802361,1.0,0.0,2,0.565032277727186,-0.065032277727186
S646,2022-09-16,6,30,23:30,18:00,4,2,2,헬스,2,0,-1,0,,,,0,,,,1,-1,-1,0,20,3,2,2,4,2,1.0,6305.714285714285,70.18510155308938,397.0,78.33333333333333,6,6.5,6.616666666666666,-0.1166666666666662,0.1392623821768204,6,-6,-3.4712179922136728,0.606759922486218,-4.077977914699891,4.077977914699891,3,3,-2.711138549079501,0.6233397731579274,-3.3344783222374286,3.3344783222374286,1.0,0.0,2,0.565032277727186,0.25146430320054003
S646,2022-09-23,8,0,22:00,06:09,1,1,2,헬스,2,0,-1,0,,,,0,,,,1,-1,-1,0,20,4,1,4,2,1,1.0,7621.714285714285,72.33691591392746,412.8571428571428,78.85714285714286,7,8.0,6.88095238095238,1.1190476190476204,1.3357820331246102,2,-2,0.7789341772943849,0.7337821812586002,0.0451519960357846,0.0451519960357846,4,4,0.691748130797683,0.4535919060575944,0.23815622474008863,0.23815622474008863,1.0,0.0,2,0.565032277727186,0.392394830029152
S646,2022-10-03,8,0,22:00,06:00,1,1,1,-1,-1,-1,-1,-1,-1.0,-1.0,-1.0,-1,-1.0,-1.0,-1.0,1,-1,-1,0,20,4,1,4,1,2,1.0,6413.714285714285,67.90747061522828,393.8571428571428,78.57142857142857,7,8.0,6.564285714285713,1.4357142857142868,1.7137799276045524,2,-2,0.7789341772943849,0.6644973128373005,0.1144368644570843,0.1144368644570843,5,5,0.7114233830876148,0.3895329794537285,0.32189040363388627,0.32189040363388627,1.0,0.0,2,0.565032277727186,0.184967722272814
S646,2022-10-07,8,0,22:01,06:00,2,1,2,헬스,1,0,-1,0,,,,0,,,,1,-1,-1,0,15,2,1,3,2,1,1.0,6292.428571428572,68.47743825867789,419.1428571428572,80.14285714285714,7,8.0,6.985714285714287,1.0142857142857131,1.2107300981086866,3,-3,-0.2836038650826296,1.04556408915444,-1.3291679542370696,1.3291679542370696,6,6,-0.1932295586541105,0.7007720893826377,-0.8940016480367482,0.8940016480367482,1.0,0.0,2,0.565032277727186,-0.565032277727186
S646,2022-10-16,8,0,22:00,07:00,1,1,2,헬스,2,0,-1,0,,,,0,,,,1,-1,-1,0,20,2,1,3,1,1,1.0,6350.428571428572,71.9539196829713,405.57142857142856,78.57142857142857,7,8.0,6.7595238095238095,1.2404761904761905,1.4807285941657895,2,-2,0.7789341772943849,0.6644973128373005,0.1144368644570843,0.1144368644570843,7,7+,0.49994190355119744,0.5305589438316898,-0.030617040280492336,0.030617040280492336,1.0,0.0,2,0.565032277727186,0.25146430320054003
S646,2022-10-24,8,30,22:00,06:30,1,1,2,기타,2,0,-1,0,,,,0,,,,1,-1,-1,0,20,4,1,4,1,1,1.0,7037.0,71.16108156240088,400.1666666666667,78.0,6,8.5,6.669444444444445,1.8305555555555548,2.185093091774404,2,-2,0.7789341772943849,0.5259275759947046,0.2530066012996802,0.2530066012996802,8,7+,0.49994190355119744,0.4267044491059665,0.07323745444523094,0.07323745444523094,1.0,0.0,2,0.565032277727186,-0.065032277727186
S646,2022-10-28,7,0,23:29,06:00,3,1,2,헬스,2,0,-1,0,,,,0,,,,1,-1,-1,0,20,2,1,3,3,2,1.0,7062.285714285715,70.06039842737776,393.2,78.0,5,7.0,6.553333333333333,0.4466666666666672,0.5331759774769721,4,-4,-1.346141907459644,0.5259275759947046,-1.8720694834543483,1.8720694834543483,9,7+,-1.585530036976654,0.4267044491059665,-2.0122344860826207,2.0122344860826207,1.0,0.0,2,0.565032277727186,0.06412059187870978
S646,2022-11-06,7,0,22:30,06:01,2,1,2,헬스,2,0,-1,0,,,,0,,,,1,-1,-1,0,20,4,2,2,2,2,1.0,5809.285714285715,70.12332445665123,410.0,79.5,6,7.0,6.833333333333333,0.1666666666666669,0.1989462602526016,3,-3,-0.2836038650826296,0.8896731352065201,-1.1732770002891495,1.1732770002891495,10,7+,-0.5427940667127283,0.6993224977609912,-1.2421165644737195,1.2421165644737195,1.0,0.0,2,0.565032277727186,0.14207450345936157
S646,2022-11-16,8,0,22:06,18:10,1,1,2,기타,4,1,-1,0,,,,0,,,,1,-1,-1,0,15,4,1,4,1,1,1.0,6309.285714285715,67.07132329832882,433.2857142857143,79.71428571428571,7,8.0,7.2214285714285715,0.7785714285714285,0.929363244322866,2,-2,0.7789341772943849,0.9416367865224924,-0.1627026092281074,0.1627026092281074,11,7+,0.49994190355119744,0.7382679332831364,-0.238326029731939,0.238326029731939,1.0,0.0,2,0.565032277727186,-0.2763571431323731
S646,2022-11-20,6,0,23:30,18:11,4,1,2,기타,2,0,-1,0,,,,0,,,,1,-1,-1,0,20,4,1,2,3,2,1.0,5950.285714285715,65.82800426817728,421.1428571428572,79.14285714285714,7,6.0,7.019047619047621,-1.0190476190476208,1.21641427697305,5,-5,-2.4086799498366585,0.8030670496798964,-3.211746999516554,3.211746999516554,12,7+,-2.62826600724058,0.6344134385574132,-3.2626794457979935,3.2626794457979935,1.0,0.0,2,0.565032277727186,-0.315032277727186
S649,2022-09-10,6,0,04:00,10:00,3,1,1,-1,-1,-1,-1,-1,-1.0,-1.0,-1.0,-1,-1.0,-1.0,-1.0,1,-1,-1,1,0,2,2,2,3,2,1.0,3504.714285714286,75.14727328202405,379.3333333333333,78.66666666666667,3,6.0,6.322222222222222,-0.3222222222222219,0.3846294364883622,4,-4,-1.346141907459644,0.6875922689777348,-2.033734176437379,2.033734176437379,1,1,-1.305673192702188,0.4928749327362824,-1.7985481254384705,1.7985481254384705,1.0,0.0,2,0.6694992892669669,-0.22228569376700896
S649,2022-09-17,8,0,02:00,10:00,3,1,1,-1,-1,-1,-1,-1,-1.0,-1.0,-1.0,-1,-1.0,-1.0,-1.0,2,1,20,1,0,3,2,2,4,4,1.0,5215.714285714285,76.31636567134053,427.3333333333333,80.66666666666667,6,8.0,7.122222222222222,0.8777777777777782,1.0477836373303673,4,-4,-1.346141907459644,1.172586347926822,-2.518728255386466,2.518728255386466,2,2,-1.2217720204562412,1.0794205486789092,-2.3011925691351505,2.3011925691351505,1.0,0.0,2,0.6694992892669669,0.5454865033209446
S649,2022-10-01,7,0,02:00,10:30,2,1,1,-1,-1,-1,-1,-1,-1.0,-1.0,-1.0,-1,-1.0,-1.0,-1.0,1,-1,-1,0,20,2,2,2,3,2,1.0,6956.714285714285,76.66732514546491,375.8,73.6,5,7.0,6.263333333333334,0.7366666666666664,0.8793424703164973,3,-3,-0.2836038650826296,-0.5410593976932889,0.2574555326106593,0.2574555326106593,3,3,-0.09037128496931668,-0.3335710137439692,0.2431997287746525,0.2431997287746525,1.0,0.0,2,0.6694992892669669,0.02056627007538725
S649,2022-10-09,7,0,03:00,10:00,2,1,1,-1,-1,-1,-1,-1,-1.0,-1.0,-1.0,-1,-1.0,-1.0,-1.0,1,-1,-1,0,15,2,1,4,3,2,1.0,5381.857142857143,71.2342174046169,392.2857142857143,75.28571428571429,7,7.0,6.538095238095238,0.461904761904762,0.5513653498429237,3,-3,-0.2836038650826296,-0.1322786740076267,-0.1513251910750028,0.1513251910750028,4,4,-0.15721548427220064,-0.24128543234436606,0.08406994807216542,0.08406994807216542,1.0,0.0,2,0.6694992892669669,0.11729650320247631
S649,2022-10-16,8,0,02:00,11:00,2,1,1,-1,-1,-1,-1,-1,-1.0,-1.0,-1.0,-1,-1.0,-1.0,-1.0,1,-1,-1,0,30,4,1,2,4,2,1.0,5277.571428571428,71.19826351020556,425.8571428571428,77.57142857142857,7,8.0,7.097619047619046,0.9023809523809536,1.0771518947962284,3,-3,-0.2836038650826296,0.4220002733627568,-0.7056041384453864,0.7056041384453864,5,5,-0.09279435431577586,0.21973814727926258,-0.3125325015950384,0.3125325015950384,1.0,0.0,2,0.6694992892669669,-0.1349768054421182
S649,2022-10-25,8,0,03:00,00:00,3,1,1,-1,-1,-1,-1,-1,-1.0,-1.0,-1.0,-1,-1.0,-1.0,-1.0,1,-1,-1,0,20,4,2,2,4,3,1.0,4332.0,71.8211075091147,360.75,79.0,4,8.0,6.0125,1.9875,2.37243415351227,4,-4,-1.346141907459644,0.7684246154692482,-2.114566522928892,2.114566522928892,6,6,-0.9661477932705526,0.5002680417535995,-1.466415835024152,1.466415835024152,1.0,0.0,2,0.6694992892669669,0.14699729166075914
S649,2022-11-14,8,0,04:00,11:00,3,1,1,-1,-1,-1,-1,-1,-1.0,-1.0,-1.0,-1,-1.0,-1.0,-1.0,1,-1,-1,0,30,3,2,2,4,2,1.0,7810.857142857143,74.77418418936763,387.5,71.33333333333333,6,8.0,6.458333333333333,1.541666666666667,1.840252907336562,4,-4,-1.346141907459644,-1.0907193538355875,-0.2554225536240562,0.2554225536240562,7,7+,-1.585530036976654,-0.7849313226941442,-0.8005987142825098,0.8005987142825098,1.0,0.0,2,0.6694992892669669,-0.2915348162577396
S649,2022-11-16,8,0,03:30,11:00,3,1,1,-1,-1,-1,-1,-1,-1.0,-1.0,-1.0,-1,-1.0,-1.0,-1.0,1,-1,-1,0,30,4,2,2,3,2,1.0,7735.428571428572,74.13005832311873,359.42857142857144,72.57142857142857,7,8.0,5.990476190476191,2.009523809523809,2.398723480759936,4,-4,-1.346141907459644,-0.7904849240099615,-0.5556569834496824,0.5556569834496824,8,7+,-1.585530036976654,-0.559913250788409,-1.025616786188245,1.025616786188245,1.0,0.0,2,0.6694992892669669,-0.1815492527927004
S981,2022-09-25,5,59,02:00,08:05,1,1,1,-1,-1,-1,-1,-1,-1.0,-1.0,-1.0,-1,-1.0,-1.0,-1.0,1,-1,-1,1,30,15,1,3,3,2,1.0,14144.142857142857,120.75889109624096,384.6,70.2,5,5.983333333333333,6.41,-0.4266666666666667,0.5093024262466593,2,-2,0.7789341772943849,-1.365549331906735,2.14448350920112,2.14448350920112,1,1,0.7979113955402264,-1.2083981481144384,2.0063095436546647,2.0063095436546647,1.0,0.0,2,0.6606810039977743,-0.1727309675235078
S981,2022-10-02,5,16,04:00,10:00,1,1,1,-1,-1,-1,-1,-1,-1.0,-1.0,-1.0,-1,-1.0,-1.0,-1.0,1,-1,-1,1,30,20,3,2,1,2,1.0,14303.714285714286,111.82471419620224,315.85714285714283,68.28571428571429,7,5.266666666666667,5.264285714285714,0.0023809523809523,0.00284208943218,2,-2,0.7789341772943849,-1.8297579503294323,2.6086921276238173,2.6086921276238173,2,2,0.6430379055032849,-1.5312291400314462,2.174267045534731,2.174267045534731,1.0,0.0,2,0.6606810039977743,0.4520162765305994
S981,2022-10-09,4,36,03:30,09:00,1,1,1,-1,-1,-1,-1,-1,-1.0,-1.0,-1.0,-1,-1.0,-1.0,-1.0,1,-1,-1,0,32,24,3,2,4,3,1.0,15657.142857142857,107.01597017892938,253.8571428571429,63.71428571428572,7,4.6,4.230952380952382,0.3690476190476177,0.4405238619879013,2,-2,0.7789341772943849,-2.938315845070203,3.717250022364588,3.717250022364588,3,3,0.7832178030674114,-2.332109035482736,3.115326838550147,3.115326838550147,1.0,0.0,2,0.6606810039977743,0.3152190689507589
S981,2022-10-15,3,31,04:00,08:00,1,1,1,-1,-1,-1,-1,-1,-1.0,-1.0,-1.0,-1,-1.0,-1.0,-1.0,1,-1,-1,1,8,17,2,2,4,3,1.0,14966.857142857143,105.689547718692,258.0,68.25,4,3.5166666666666666,4.3,-0.7833333333333332,0.935047423187226,2,-2,0.7789341772943849,-1.838418558882096,2.617352736176481,2.617352736176481,4,4,0.691748130797683,-1.6101937889962301,2.3019419197939133,2.3019419197939133,1.0,0.0,2,0.6606810039977743,0.1261147884716689
S981,2022-10-23,5,51,04:27,08:27,1,1,1,-1,-1,-1,-1,-1,-1.0,-1.0,-1.0,-1,-1.0,-1.0,-1.0,1,-1,-1,0,30,16,1,3,4,3,1.0,9187.857142857143,112.08618537012504,367.5,68.16666666666667,6,5.85,6.125,-0.2750000000000003,0.3282613294167925,2,-2,0.7789341772943849,-1.8586266455049736,2.6375608227993586,2.6375608227993586,5,5,0.7114233830876148,-1.3771418219805944,2.088565205068209,2.088565205068209,1.0,0.0,2,0.6606810039977743,-0.08333073480814857
S981,2022-10-30,4,41,03:03,08:10,1,1,1,-1,-1,-1,-1,-1,-1.0,-1.0,-1.0,-1,-1.0,-1.0,-1.0,1,-1,-1,0,27,27,1,3,3,2,1.0,13307.42857142857,111.3270089996188,289.4,66.6,5,4.683333333333334,4.823333333333333,-0.1399999999999996,0.1671148586121847,2,-2,0.7789341772943849,-2.2385386740150945,3.0174728513094795,3.0174728513094795,6,6,0.5796886759623315,-1.6752008750214733,2.2548895509838047,2.2548895509838047,1.0,0.0,2,0.6606810039977743,-0.08333073480814857
S981,2022-11-06,4,44,03:49,08:10,1,1,1,-1,-1,-1,-1,-1,-1.0,-1.0,-1.0,-1,-1.0,-1.0,-1.0,1,-1,-1,0,30,23,2,2,4,4,1.0,12798.285714285714,108.1466623557101,275.42857142857144,65.85714285714286,7,4.733333333333333,4.590476190476191,0.1428571428571423,0.1705253659308005,2,-2,0.7789341772943849,-2.418679331910468,3.1976135092048525,3.1976135092048525,7,7+,0.49994190355119744,-1.7802035638156615,2.280145467366859,2.280145467366859,1.0,0.0,2,0.6606810039977743,0.0920916487113067
S981,2022-11-15,3,5,05:48,08:10,1,1,1,-1,-1,-1,-1,-1,-1.0,-1.0,-1.0,-1,-1.0,-1.0,-1.0,1,-1,-1,1,57,23,3,2,4,3,1.0,18317.571428571428,117.02869228055464,222.3333333333333,60.0,3,3.083333333333333,3.705555555555555,-0.6222222222222213,0.7427327049430438,2,-2,0.7789341772943849,-3.8390191345470814,4.617953311841466,4.617953311841466,8,7+,0.49994190355119744,-2.84471213475433,3.3446540383055274,3.3446540383055274,1.0,0.0,2,0.6606810039977743,-0.11295844649260822
S981,2022-11-20,6,22,00:15,08:15,1,1,1,-1,-1,-1,-1,-1,-1.0,-1.0,-1.0,-1,-1.0,-1.0,-1.0,1,-1,-1,0,43,25,3,1,2,4,1.0,12806.57142857143,110.1145975369665,352.6666666666667,66.0,3,6.366666666666666,5.877777777777778,0.488888888888888,0.5835756967409628,2,-2,0.7789341772943849,-2.3840368976998194,3.1629710749942044,3.1629710749942044,9,7+,0.49994190355119744,-1.7542399401342312,2.2541818436854286,2.2541818436854286,1.0,0.0,2,0.6606810039977743,-0.028225471964098414
S981,2022-11-27,6,9,01:04,08:30,1,1,2,헬스,2,0,-1,0,,,,0,,,,1,-1,-1,0,42,23,2,2,3,3,1.0,12517.285714285714,102.12132789248028,362.8333333333333,68.83333333333333,6,6.15,6.047222222222222,0.1027777777777787,0.1226835271557719,2,-2,0.7789341772943849,-1.6969619525219468,2.475896129816332,2.475896129816332,10,7+,0.49994190355119744,-1.2392947371191854,1.7392366406703827,1.7392366406703827,1.0,0.0,2,0.6606810039977743,0.15581557692995174
S982,2022-09-18,7,0,03:30,09:30,1,1,1,-1,-1,-1,-1,-1,-1.0,-1.0,-1.0,-1,-1.0,-1.0,-1.0,1,-1,-1,1,0,4,1,4,1,1,0.4285714285714285,4346.333333333333,76.92026758461265,320.0,76.0,2,7.0,5.333333333333333,1.666666666666667,1.9894626025260127,2,-2,0.7789341772943849,0.0409334970456172,0.7380006802487675,0.7380006802487675,1,1,0.7979113955402264,-0.04295910847654382,0.8408705040167702,0.8408705040167702,0.9365079365079365,-0.507936507936508,2,0.1259881576697424,-0.1259881576697424
S982,2022-09-24,6,5,03:40,09:30,1,1,1,-1,-1,-1,-1,-1,-1.0,-1.0,-1.0,-1,-1.0,-1.0,-1.0,1,-1,-1,1,30,5,1,4,2,1,1.0,5585.0,78.33281896784544,305.57142857142856,69.28571428571429,7,6.083333333333333,5.092857142857143,0.9904761904761904,1.1823092037868876,2,-2,0.7789341772943849,-1.5872609108548887,2.366195088149273,2.366195088149273,2,2,0.6430379055032849,-1.320368972866379,1.9634068783696639,1.9634068783696639,0.9365079365079365,0.06349206349206349,2,0.1259881576697424,-0.1259881576697424
S982,2022-10-01,5,51,04:20,08:50,1,1,1,-1,-1,-1,-1,-1,-1.0,-1.0,-1.0,-1,-1.0,-1.0,-1.0,1,-1,-1,1,0,4,1,4,2,1,1.0,4083.714285714286,76.05002045065628,333.5,71.5,6,5.85,5.558333333333334,0.2916666666666661,0.3481559554420515,2,-2,0.7789341772943849,-1.0503031805898293,1.8292373578842145,1.8292373578842145,3,3,0.7832178030674114,-0.7581159403272038,1.541333743394615,1.541333743394615,0.9365079365079365,0.06349206349206349,2,0.1259881576697424,-0.1259881576697424
S982,2022-10-09,5,26,04:40,08:00,1,1,1,-1,-1,-1,-1,-1,-1.0,-1.0,-1.0,-1,-1.0,-1.0,-1.0,1,-1,-1,0,30,4,1,4,1,1,1.0,5324.857142857143,83.52234900870096,290.8,65.6,5,5.433333333333334,4.846666666666667,0.5866666666666669,0.7002908360891568,2,-2,0.7789341772943849,-2.4810357134896384,3.2599698907840238,3.2599698907840238,4,4,0.691748130797683,-2.125792774090486,2.817540904888169,2.817540904888169,0.9365079365079365,0.06349206349206349,2,0.1259881576697424,0.25197631533948484
S982,2022-10-16,5,17,04:25,08:20,1,1,1,-1,-1,-1,-1,-1,-1.0,-1.0,-1.0,-1,-1.0,-1.0,-1.0,1,-1,-1,0,40,2,1,4,1,2,1.0,3515.1428571428573,77.35823784973931,357.0,74.0,5,5.283333333333333,5.95,-0.666666666666667,0.7957850410104055,2,-2,0.7789341772943849,-0.44406058190347,1.222994759197855,1.222994759197855,5,5,0.7114233830876148,-0.386671967629544,1.0980953507171587,1.0980953507171587,0.9365079365079365,0.06349206349206349,2,0.1259881576697424,0.25197631533948484
S982,2022-10-25,3,40,06:15,09:10,1,1,1,-1,-1,-1,-1,-1,-1.0,-1.0,-1.0,-1,-1.0,-1.0,-1.0,1,-1,-1,0,30,8,2,3,1,4,1.0,4108.285714285715,79.12709145646014,417.3333333333333,77.66666666666667,3,3.6666666666666665,6.955555555555555,-3.2888888888888883,3.9258728689846647,2,-2,0.7789341772943849,0.4450952295031912,0.3338389477911936,0.3338389477911936,6,6,0.5796886759623315,0.26634665285305503,0.3133420231092765,0.3133420231092765,0.9365079365079365,0.06349206349206349,2,0.1259881576697424,-0.1259881576697424
S982,2022-10-30,5,50,04:00,08:50,1,1,1,-1,-1,-1,-1,-1,-1.0,-1.0,-1.0,-1,-1.0,-1.0,-1.0,1,-1,-1,0,40,7,1,3,2,2,1.0,5705.428571428572,82.355360030504,376.5,69.5,4,5.833333333333333,6.275,-0.4416666666666673,0.5272075896693942,2,-2,0.7789341772943849,-1.5352972595389165,2.314231436833301,2.314231436833301,7,7+,0.49994190355119744,-1.1181311599391734,1.6180730634903708,1.6180730634903708,0.9365079365079365,0.06349206349206349,2,0.1259881576697424,0.25197631533948484
S982,2022-11-06,6,41,04:10,11:02,1,1,1,-1,-1,-1,-1,-1,-1.0,-1.0,-1.0,-1,-1.0,-1.0,-1.0,1,-1,-1,0,20,5,1,4,1,1,1.0,5692.428571428572,81.05682732318685,347.1428571428572,69.57142857142857,7,6.683333333333334,5.785714285714287,0.8976190476190462,1.0714677159318653,2,-2,0.7789341772943849,-1.5179760424335924,2.296910219727977,2.296910219727977,8,7+,0.49994190355119744,-1.1051493480984584,1.6050912516496558,1.6050912516496558,0.9365079365079365,0.06349206349206349,2,0.1259881576697424,-0.1259881576697424
S982,2022-11-15,5,18,04:40,08:45,1,1,1,-1,-1,-1,-1,-1,-1.0,-1.0,-1.0,-1,-1.0,-1.0,-1.0,1,-1,-1,0,40,5,1,4,1,1,1.0,4429.142857142857,81.01515548433679,348.42857142857144,67.28571428571429,7,5.3,5.807142857142858,-0.507142857142858,0.605365049054345,2,-2,0.7789341772943849,-2.072254989803976,2.851189167098361,2.851189167098361,9,7+,0.49994190355119744,-1.5205673270013518,2.020509230552549,2.020509230552549,0.9365079365079365,0.06349206349206349,2,0.1259881576697424,-0.1259881576697424
S984,2022-09-25,8,0,01:00,09:30,2,1,2,헬스,4,2,-1,0,,,,0,,,,2,1,25,0,20,3,2,3,2,2,0.5714285714285714,7471.25,77.23423993470232,384.0,77.66666666666667,3,8.0,6.4,1.5999999999999996,1.909884098424972,3,-3,-0.2836038650826296,0.4450952295031912,-0.7286990945858207,0.7286990945858207,1,1,-0.25388089858098084,0.29193716728147295,-0.5458180658624538,0.5458180658624538,0.6904761904761904,-0.11904761904761896,1,0.29023566968156533,0.20976433031843467
S984,2022-10-03,6,0,04:35,09:41,1,1,2,헬스,4,2,-1,0,,,,0,,,,2,1,20,0,20,3,2,2,2,2,1.0,11166.714285714286,90.43521575897373,326.8,69.8,5,6.0,5.446666666666667,0.5533333333333328,0.6605015840386356,2,-2,0.7789341772943849,-1.462548147696554,2.241482324990939,2.241482324990939,2,2,0.6430379055032849,-1.211926601181489,1.854964506684774,1.854964506684774,0.6904761904761904,0.30952380952380965,1,0.29023566968156533,0.19771436679270127
S984,2022-11-28,9,0,03:32,11:32,1,1,2,헬스,4,2,-1,0,,,,0,,,,1,-1,-1,0,20,3,2,3,3,3,0.2857142857142857,5979.0,68.02107651747106,474.0,82.0,1,9.0,7.9,1.0999999999999996,1.313045317667168,2,-2,0.7789341772943849,1.4959157338928792,-0.7169815565984944,0.7169815565984944,3,3,0.7832178030674114,1.3646086925889749,-0.5813908895215635,0.5813908895215635,0.6904761904761904,-0.40476190476190466,1,0.29023566968156533,0.08772880332766186
S984,2022-11-30,8,0,03:23,12:23,1,1,2,헬스,4,2,-1,0,,,,0,,,,1,-1,-1,0,10,3,2,3,4,3,0.5714285714285714,8823.25,73.26702687321419,365.0,80.0,3,8.0,6.083333333333333,1.916666666666667,2.2878819929049152,2,-2,0.7789341772943849,1.0109216549437918,-0.2319874776494069,0.2319874776494069,4,4,0.691748130797683,0.6759526543462211,0.015795476451461954,0.015795476451461954,0.6904761904761904,-0.11904761904761896,1,0.29023566968156533,-0.29023566968156533
S984,2022-12-03,8,0,05:05,11:05,1,1,2,헬스,0,0,-1,0,,,,0,,,,1,-1,-1,0,10,3,2,3,2,3,1.0,9516.857142857143,74.21537876502687,369.0,77.4,5,8.0,6.15,1.85,2.2083034888038737,2,-2,0.7789341772943849,0.3804293523099797,0.3985048249844051,0.3985048249844051,5,5,0.7114233830876148,0.19063046176364115,0.5207929213239736,0.5207929213239736,0.6904761904761904,0.30952380952380965,1,0.29023566968156533,-0.29023566968156533
S984,2022-12-08,8,0,11:40,23:58,1,1,1,-1,-1,-1,-1,-1,-1.0,-1.0,-1.0,-1,-1.0,-1.0,-1.0,1,-1,-1,0,10,3,1,3,2,2,0.7142857142857143,8451.4,75.356463307171,486.5,78.0,4,8.0,8.108333333333333,-0.1083333333333325,0.1293150691641898,2,-2,0.7789341772943849,0.5259275759947046,0.2530066012996802,0.2530066012996802,6,6,0.5796886759623315,0.32482700007819054,0.254861675884141,0.254861675884141,0.6904761904761904,0.023809523809523947,1,0.29023566968156533,0.11801262078229757
S985,2022-09-25,6,30,01:00,08:00,1,1,1,-1,-1,-1,-1,-1,-1.0,-1.0,-1.0,-1,-1.0,-1.0,-1.0,1,-1,-1,1,30,16,1,3,2,1,1.0,11441.42857142857,84.97773097968471,377.0,69.5,6,6.5,6.283333333333333,0.2166666666666667,0.2586301383283818,2,-2,0.7789341772943849,-1.5352972595389165,2.314231436833301,2.314231436833301,2,2,0.6430379055032849,-1.2751846513310088,1.9182225568342937,1.9182225568342937,0.9350649350649349,0.06493506493506507,2,0.556717183297367,-0.06876714682310037
S985,2022-10-02,6,44,02:00,10:00,1,1,1,-1,-1,-1,-1,-1,-1.0,-1.0,-1.0,-1,-1.0,-1.0,-1.0,1,-1,-1,1,0,13,1,3,2,1,1.0,8980.42857142857,79.7501482404464,392.6666666666667,77.33333333333333,6,6.733333333333333,6.544444444444445,0.1888888888888882,0.2254724282862806,2,-2,0.7789341772943849,0.3642628830116743,0.4146712942827105,0.4146712942827105,3,3,0.7832178030674114,0.42117552240400563,0.36204228066340577,0.36204228066340577,0.9350649350649349,0.06493506493506507,2,0.556717183297367,0.19921176272108754
S985,2022-10-09,7,21,00:30,20:30,1,1,1,-1,-1,-1,-1,-1,-1.0,-1.0,-1.0,-1,-1.0,-1.0,-1.0,1,-1,-1,1,0,11,1,3,1,2,1.0,10753.857142857143,79.86925372970948,403.2857142857143,78.42857142857143,7,7.35,6.721428571428572,0.6285714285714281,0.7503116100955243,2,-2,0.7789341772943849,0.6298548786266523,0.1490792986677325,0.1490792986677325,4,4,0.691748130797683,0.37020662544935873,0.3215415053483243,0.3215415053483243,0.9350649350649349,0.06493506493506507,2,0.556717183297367,-0.06876714682310037
S985,2022-10-17,7,0,02:01,21:00,1,1,1,-1,-1,-1,-1,-1,-1.0,-1.0,-1.0,-1,-1.0,-1.0,-1.0,1,-1,-1,1,0,8,1,2,2,2,1.0,8819.714285714286,81.6184006321868,365.5,73.5,4,7.0,6.091666666666667,0.9083333333333332,1.084257118376677,2,-2,0.7789341772943849,-0.5653091016407419,1.3442432789351266,1.3442432789351266,5,5,0.7114233830876148,-0.471569383716777,1.1829927668043918,1.1829927668043918,0.9350649350649349,0.06493506493506507,2,0.556717183297367,0.13334837604498717
S985,2022-10-24,5,35,00:30,08:00,1,1,1,-1,-1,-1,-1,-1,-1.0,-1.0,-1.0,-1,-1.0,-1.0,-1.0,1,-1,-1,1,0,9,2,3,2,2,1.0,8200.714285714286,82.93271578968263,365.25,75.5,4,5.583333333333333,6.0875,-0.5041666666666673,0.6018124372641196,2,-2,0.7789341772943849,-0.0803150226916545,0.8592491999860394,0.8592491999860394,6,6,0.5796886759623315,-0.11377560411033204,0.6934642800726636,0.6934642800726636,0.9350649350649349,0.06493506493506507,2,0.556717183297367,0.13334837604498717
S985,2022-10-29,7,13,00:00,08:00,1,1,1,-1,-1,-1,-1,-1,-1.0,-1.0,-1.0,-1,-1.0,-1.0,-1.0,2,1,60,1,0,12,1,4,1,1,1.0,7796.0,79.6770224683207,399.0,79.57142857142857,7,7.216666666666667,6.65,0.5666666666666664,0.6764172848588441,2,-2,0.7789341772943849,0.906994352311844,-0.1280601750174592,0.1280601750174592,7,7+,0.49994190355119744,0.7123043096017063,-0.21236240605050888,0.21236240605050888,0.9350649350649349,0.06493506493506507,2,0.556717183297367,-0.022194699472518176
S985,2022-11-07,7,30,00:00,08:00,1,1,1,-1,-1,-1,-1,-1,-1.0,-1.0,-1.0,-1,-1.0,-1.0,-1.0,2,2,60,0,50,7,2,3,1,2,1.0,5761.857142857143,73.84152508095973,373.5,71.83333333333333,6,7.5,6.225,1.2750000000000004,1.5219388909324003,2,-2,0.7789341772943849,-0.9694708340983158,1.7484050113927003,1.7484050113927003,8,7+,0.49994190355119744,-0.694058639809136,1.1940005433603333,1.1940005433603333,0.9350649350649349,0.06493506493506507,2,0.556717183297367,-0.17875271028813966
S985,2022-11-18,9,0,21:30,06:30,1,1,1,-1,-1,-1,-1,-1,-1.0,-1.0,-1.0,-1,-1.0,-1.0,-1.0,2,1,60,0,50,7,1,3,1,2,1.0,4790.428571428572,80.5484374455212,434.25,77.75,4,9.0,7.2375,1.7625000000000002,2.103856702171259,2,-2,0.7789341772943849,0.4653033161260687,0.3136308611683162,0.3136308611683162,9,7+,0.49994190355119744,0.38126810766346236,0.11867379588773508,0.11867379588773508,0.9350649350649349,0.06493506493506507,2,0.556717183297367,-0.17875271028813966
S985,2022-11-19,6,58,23:00,18:00,1,1,1,-1,-1,-1,-1,-1,-1.0,-1.0,-1.0,-1,-1.0,-1.0,-1.0,2,1,60,1,0,8,1,3,1,2,1.0,5201.285714285715,81.56462752947566,432.4,77.4,5,6.966666666666667,7.206666666666666,-0.2399999999999993,0.286482614763745,2,-2,0.7789341772943849,0.3804293523099797,0.3985048249844051,0.3985048249844051,10,7+,0.49994190355119744,0.31765722964395765,0.1822846739072398,0.1822846739072398,0.9350649350649349,0.06493506493506507,2,0.556717183297367,-0.17875271028813977
S985,2022-11-28,6,30,01:00,07:30,1,1,1,-1,-1,-1,-1,-1,-1.0,-1.0,-1.0,-1,-1.0,-1.0,-1.0,2,2,60,1,0,6,1,3,1,1,1.0,6213.142857142857,81.24699574757742,382.5,72.83333333333333,6,6.5,6.375,0.125,0.1492096951894509,2,-2,0.7789341772943849,-0.7269737946237721,1.505907971918157,1.505907971918157,11,7+,0.49994190355119744,-0.5123132740391195,1.012255177590317,1.012255177590317,0.9350649350649349,0.06493506493506507,2,0.556717183297367,0.23007860917207623
S986,2022-09-17,7,0,02:00,10:00,1,1,2,헬스,3,1,-1,0,,,,0,,,,2,3,15,1,0,6,1,4,3,2,0.2857142857142857,7165.5,85.8187919079409,392.0,81.0,1,7.0,6.533333333333333,0.4666666666666668,0.5570495287072837,2,-2,0.7789341772943849,1.2534186944183356,-0.4744845171239508,0.4744845171239508,1,1,0.7979113955402264,0.9617297187975036,-0.1638183232572772,0.1638183232572772,0.9350649350649349,-0.6493506493506492,1,0.6639411386473041,0.3967190331325171
S986,2022-09-25,7,0,03:00,10:00,1,1,2,헬스,3,1,-1,0,,,,0,,,,1,-1,-1,1,0,4,1,4,3,1,1.0,8877.142857142857,81.90583529995187,326.85714285714283,75.28571428571429,7,7.0,5.447619047619047,1.552380952380953,1.8530423097813729,2,-2,0.7789341772943849,-0.1322786740076267,0.9112128513020116,0.9112128513020116,2,2,0.6430379055032849,-0.05520796987597581,0.6982458753792606,0.6982458753792606,0.9350649350649349,0.06493506493506507,1,0.6639411386473041,-0.6639411386473041
S986,2022-10-01,6,30,03:00,09:00,1,1,2,헬스,3,1,-1,0,,,,0,,,,1,-1,-1,0,30,3,1,4,3,1,1.0,9307.42857142857,81.01472628384468,313.0,76.2,5,6.5,5.216666666666667,1.2833333333333332,1.5318862039450296,2,-2,0.7789341772943849,0.0894329049405266,0.6895012723538582,0.6895012723538582,3,3,0.7832178030674114,0.19205603821622913,0.5911617648511822,0.5911617648511822,0.9350649350649349,0.06493506493506507,1,0.6639411386473041,-0.6639411386473041
S986,2022-10-08,6,2,15:02,22:03,1,1,2,헬스,2,1,-1,0,,,,0,,,,1,-1,-1,0,50,9,1,4,1,2,1.0,8109.857142857143,78.62314632636055,393.6666666666667,78.0,6,6.033333333333333,6.561111111111112,-0.5277777777777786,0.6299964907999049,2,-2,0.7789341772943849,0.5259275759947046,0.2530066012996802,0.2530066012996802,4,4,0.691748130797683,0.286821344841123,0.40492678595656006,0.40492678595656006,0.9350649350649349,0.06493506493506507,1,0.6639411386473041,-0.6639411386473041
S986,2022-10-15,6,59,03:00,09:00,2,1,2,헬스,2,1,-1,0,,,,0,,,,1,-1,-1,1,0,10,1,4,3,2,1.0,7037.714285714285,82.61341679833983,422.57142857142856,80.14285714285714,7,6.983333333333333,7.042857142857143,-0.0595238095238093,0.0710522358045002,3,-3,-0.2836038650826296,1.04556408915444,-1.3291679542370696,1.3291679542370696,5,5,-0.09279435431577586,0.6563534300136032,-0.7491477843293791,0.7491477843293791,0.9350649350649349,0.06493506493506507,1,0.6639411386473041,0.2872485925640379
S986,2022-10-22,7,39,04:30,22:30,1,1,2,헬스,2,1,-1,0,,,,0,,,,1,-1,-1,1,0,9,1,4,2,3,1.0,6648.714285714285,81.75167635471121,404.2,81.0,5,7.65,6.736666666666666,0.913333333333334,1.0902255061842558,2,-2,0.7789341772943849,1.2534186944183356,-0.4744845171239508,0.4744845171239508,6,6,0.5796886759623315,0.8511501251044176,-0.27146144914208603,0.27146144914208603,0.9350649350649349,0.06493506493506507,1,0.6639411386473041,-0.2859766656380769
S986,2022-10-29,6,28,22:00,06:00,1,1,1,-1,-1,-1,-1,-1,-1.0,-1.0,-1.0,-1,-1.0,-1.0,-1.0,1,-1,-1,1,0,9,1,1,3,1,1.0,7452.0,78.03126441682181,385.1666666666667,78.16666666666667,6,6.466666666666667,6.419444444444445,0.0472222222222216,0.0563681070715696,2,-2,0.7789341772943849,0.566343749240463,0.2125904280539218,0.2125904280539218,7,7+,0.49994190355119744,0.4569953434009701,0.04294656015022735,0.04294656015022735,0.9350649350649349,0.06493506493506507,1,0.6639411386473041,0.8479167533896049
S986,2022-11-05,6,14,21:08,06:00,1,1,1,-1,-1,-1,-1,-1,-1.0,-1.0,-1.0,-1,-1.0,-1.0,-1.0,1,-1,-1,1,0,9,1,4,1,1,1.0,12055.57142857143,83.13129276115917,383.4285714285714,79.42857142857143,7,6.233333333333333,6.39047619047619,-0.1571428571428565,0.1875779025238805,2,-2,0.7789341772943849,0.872351918101196,-0.0934177408068112,0.0934177408068112,8,7+,0.49994190355119744,0.6863406859202761,-0.18639878236907864,0.18639878236907864,0.9350649350649349,0.06493506493506507,1,0.6639411386473041,-0.6639411386473041
S986,2022-11-13,6,0,02:55,08:51,1,1,2,헬스,1,1,-1,0,,,,0,,,,1,-1,-1,1,0,9,1,4,4,4,1.0,6105.285714285715,79.09902881183048,427.2857142857143,82.0,7,6.0,7.121428571428571,-1.121428571428571,1.338624122556788,2,-2,0.7789341772943849,1.4959157338928792,-0.7169815565984944,0.7169815565984944,9,7+,0.49994190355119744,1.1536859121860323,-0.653744008634835,0.653744008634835,0.9350649350649349,0.06493506493506507,1,0.6639411386473041,0.8479167533896049
S986,2022-11-20,6,0,03:00,09:00,1,1,2,헬스,2,1,-1,0,,,,0,,,,1,-1,-1,1,0,9,1,4,4,4,1.0,10002.142857142857,77.35511287899796,354.85714285714283,77.14285714285714,7,6.0,5.914285714285714,0.0857142857142863,0.1023152195584813,2,-2,0.7789341772943849,0.318072970730809,0.4608612065635758,0.4608612065635758,10,7+,0.49994190355119744,0.2709227070173802,0.22901919653381725,0.22901919653381725,0.9350649350649349,0.06493506493506507,1,0.6639411386473041,0.09198780737115042
S986,2022-11-27,6,0,03:06,09:06,1,1,2,헬스,1,1,-1,0,,,,0,,,,1,-1,-1,0,30,9,2,4,4,4,1.0,6905.142857142857,82.51943696891087,340.0,74.16666666666667,6,6.0,5.666666666666667,0.333333333333333,0.3978925205052022,2,-2,0.7789341772943849,-0.4036444086577116,1.1825785859520963,1.1825785859520963,11,7+,0.49994190355119744,-0.2699861196790958,0.7699280232302932,0.7699280232302932,0.9350649350649349,0.06493506493506507,1,0.6639411386473041,0.4699522803803776
S987,2022-10-30,8,0,02:15,10:15,2,1,1,-1,-1,-1,-1,-1,-1.0,-1.0,-1.0,-1,-1.0,-1.0,-1.0,1,-1,-1,0,20,2,2,2,2,4,1.0,4650.142857142857,83.83277471109487,313.3333333333333,70.33333333333333,3,8.0,5.222222222222222,2.7777777777777777,3.315771004210021,3,-3,-0.2836038650826296,-1.3332163933101313,1.0496125282275015,1.0496125282275015,1,1,-0.25388089858098084,-1.1816064460537985,0.9277255474728177,0.9277255474728177,0.7619047619047619,0.23809523809523814,2,0.6114954539491129,0.07857010539324127
S987,2022-11-02,5,0,12:20,09:21,2,1,1,-1,-1,-1,-1,-1,-1.0,-1.0,-1.0,-1,-1.0,-1.0,-1.0,1,-1,-1,0,30,1,3,2,2,3,1.0,4197.714285714285,82.46089815328502,375.6666666666667,75.66666666666667,3,5.0,6.261111111111111,-1.261111111111111,1.5053600359113497,3,-3,-0.2836038650826296,-0.0398988494458961,-0.2437050156367334,0.2437050156367334,2,2,-0.2893670574764781,0.025119712853573315,-0.31448677033005146,0.31448677033005146,0.7619047619047619,0.23809523809523814,2,0.6114954539491129,0.2882399568933244
S987,2022-11-15,5,0,05:05,11:05,2,2,1,-1,-1,-1,-1,-1,-1.0,-1.0,-1.0,-1,-1.0,-1.0,-1.0,2,1,10,0,10,0,3,2,2,2,0.2857142857142857,1343.0,71.14005319790935,322.5,75.5,2,5.0,5.375,-0.375,0.4476290855683529,4,-4,-1.346141907459644,-0.0803150226916545,-1.2658268847679894,1.2658268847679894,3,3,-0.9639603730060448,0.05054106268848332,-1.014501435694528,1.014501435694528,0.7619047619047619,-0.47619047619047616,2,0.6114954539491129,-0.034145184759487024
S989,2022-09-25,7,15,22:30,06:30,2,3,1,-1,-1,-1,-1,-1,-1.0,-1.0,-1.0,-1,-1.0,-1.0,-1.0,1,-1,-1,0,30,2,2,2,3,2,1.0,3717.571428571429,69.00028057163158,434.4285714285714,80.42857142857143,7,7.25,7.24047619047619,0.0095238095238103,0.011368357728721,5,-5,-2.4086799498366585,1.1148489575757397,-3.5235289074123983,3.5235289074123983,1,1,-2.3574654868233953,0.8469081385376128,-3.2043736253610082,3.2043736253610082,1.0,0.0,2,0.6850583422919395,0.07087060372651499
S989,2022-10-02,6,56,00:40,07:00,2,3,1,-1,-1,-1,-1,-1,-1.0,-1.0,-1.0,-1,-1.0,-1.0,-1.0,2,4,10,0,15,5,2,2,4,2,1.0,6144.142857142857,75.95595232351141,384.8571428571428,79.14285714285714,7,6.933333333333334,6.414285714285713,0.5190476190476208,0.619575496215246,5,-5,-2.4086799498366585,0.8030670496798964,-3.211746999516554,3.211746999516554,2,2,-2.1541769834360043,0.7581098177607097,-2.9122868011967142,2.9122868011967142,1.0,0.0,2,0.6850583422919395,0.2908417306565937
S989,2022-10-09,7,48,23:04,07:33,2,3,1,-1,-1,-1,-1,-1,-1.0,-1.0,-1.0,-1,-1.0,-1.0,-1.0,2,4,10,0,37,6,3,2,3,2,1.0,3482.428571428572,73.82432197454588,450.0,79.5,6,7.8,7.5,0.2999999999999998,0.3581032684546821,5,-5,-2.4086799498366585,0.8896731352065201,-3.2983530850431784,3.2983530850431784,3,3,-1.8375494610427727,0.8591980657041705,-2.696747526746943,2.696747526746943,1.0,0.0,2,0.6850583422919395,-0.15053585846709083
S989,2022-10-18,8,12,01:07,07:41,2,3,1,-1,-1,-1,-1,-1,-1.0,-1.0,-1.0,-1,-1.0,-1.0,-1.0,2,4,15,0,10,2,3,1,3,4,1.0,2761.8571428571427,75.07512060871144,474.57142857142856,84.42857142857143,7,8.2,7.909523809523809,0.2904761904761903,0.3467349107259621,5,-5,-2.4086799498366585,2.0848371154739143,-4.493517065310573,4.493517065310573,4,4,-1.855142714411968,1.537600553964653,-3.3927432683766208,3.3927432683766208,1.0,0.0,2,0.6850583422919395,-0.10770807310231378
S989,2022-10-24,7,7,22:40,06:40,2,3,1,-1,-1,-1,-1,-1,-1.0,-1.0,-1.0,-1,-1.0,-1.0,-1.0,2,4,10,0,15,2,3,2,3,2,1.0,1999.142857142857,72.56229970580817,410.5,82.0,6,7.116666666666666,6.841666666666667,0.2749999999999994,0.3282613294167915,5,-5,-2.4086799498366585,1.4959157338928792,-3.9045956837295375,3.9045956837295375,5,5,-1.7012298291225572,0.9716866897661836,-2.6729165188887407,2.6729165188887407,1.0,0.0,2,0.6850583422919395,0.4488350767357422
S989,2022-10-29,6,58,00:05,07:43,2,3,1,-1,-1,-1,-1,-1,-1.0,-1.0,-1.0,-1,-1.0,-1.0,-1.0,1,-1,-1,0,20,2,2,2,3,2,1.0,2985.285714285714,76.7523145587394,419.57142857142856,81.57142857142857,7,6.966666666666667,6.992857142857143,-0.026190476190476,0.03126298375398,5,-5,-2.4086799498366585,1.3919884312609314,-3.80066838109759,3.80066838109759,6,6,-1.7390660278869945,0.9514021489189367,-2.6904681768059313,2.6904681768059313,1.0,0.0,2,0.6850583422919395,-0.3070938692827123
S989,2022-11-06,6,56,00:07,07:30,2,2,1,-1,-1,-1,-1,-1,-1.0,-1.0,-1.0,-1,-1.0,-1.0,-1.0,1,-1,-1,0,30,4,2,2,3,2,1.0,4717.428571428572,75.85978534779159,410.8333333333333,79.83333333333333,6,6.933333333333334,6.847222222222222,0.0861111111111112,0.1027889011305108,4,-4,-1.346141907459644,0.9705054816980336,-2.3166473891576773,2.3166473891576773,7,7+,-1.585530036976654,0.7599042863509958,-2.34543432332765,2.34543432332765,1.0,0.0,2,0.6850583422919395,0.21467706855049773
S989,2022-11-12,6,58,00:40,08:30,1,1,1,-1,-1,-1,-1,-1,-1.0,-1.0,-1.0,-1,-1.0,-1.0,-1.0,2,4,10,0,20,5,3,2,4,3,1.0,5536.857142857143,73.49462581200844,418.0,83.6,5,6.966666666666667,6.966666666666667,0.0,0.0,2,-2,0.7789341772943849,1.883910997052148,-1.1049768197577627,1.1049768197577627,8,7+,0.49994190355119744,1.4444784974180578,-0.9445365938668604,0.9445365938668604,1.0,0.0,2,0.6850583422919395,-0.19710830581767302
S989,2022-11-21,6,36,00:33,08:01,1,2,1,-1,-1,-1,-1,-1,-1.0,-1.0,-1.0,-1,-1.0,-1.0,-1.0,1,-1,-1,0,15,3,3,2,2,3,1.0,3831.428571428572,77.22894081892962,407.3333333333333,77.66666666666667,6,6.6,6.788888888888889,-0.1888888888888891,0.2254724282862817,3,-3,-0.2836038650826296,0.4450952295031912,-0.7286990945858207,0.7286990945858207,9,7+,-0.5427940667127283,0.3661226605159618,-0.9089167272286902,0.9089167272286902,1.0,0.0,2,0.6850583422919395,0.2908417306565937
S989,2022-11-26,7,21,00:30,07:40,2,2,1,-1,-1,-1,-1,-1,-1.0,-1.0,-1.0,-1,-1.0,-1.0,-1.0,2,3,10,0,15,3,2,2,3,2,1.0,2920.714285714286,74.90807044473131,487.8,81.6,5,7.35,8.13,-0.7800000000000011,0.9310684979821754,4,-4,-1.346141907459644,1.3989169181030603,-2.745058825562704,2.745058825562704,10,7+,-1.585530036976654,1.0809877658780247,-2.6665178028546785,2.6665178028546785,1.0,0.0,2,0.6850583422919395,0.13143823863578652
S991,2022-09-18,6,30,02:20,08:00,1,1,2,달리기,3,0,-1,0,,,,0,,,,2,3,20,1,0,10,1,4,1,1,0.4285714285714285,6893.333333333333,86.97996313389469,323.0,77.0,1,6.5,5.383333333333334,1.1166666666666665,1.332939943692428,2,-2,0.7789341772943849,0.2834305365201609,0.4955036407742239,0.4955036407742239,1,1,0.7979113955402264,0.15797865697826566,0.6399327385619608,0.6399327385619608,0.75,-0.3214285714285715,2,0.0,0.0
S991,2022-09-25,7,0,01:30,20:00,1,1,2,달리기,1,1,-1,0,,,,0,,,,1,-1,-1,1,0,20,1,4,1,1,0.8571428571428571,9775.333333333334,86.6439220947441,388.8,79.4,5,7.0,6.48,0.5199999999999996,0.6207123319881155,2,-2,0.7789341772943849,0.8654234312590671,-0.0864892539646822,0.0864892539646822,2,2,0.6430379055032849,0.8123310036031577,-0.1692930980998728,0.1692930980998728,0.75,0.1071428571428571,2,0.0,0.0
S991,2022-11-06,8,0,01:22,08:20,1,1,1,-1,-1,-1,-1,-1,-1.0,-1.0,-1.0,-1,-1.0,-1.0,-1.0,1,-1,-1,2,0,10,1,4,1,1,1.0,11527.42857142857,88.59951517000908,319.0,75.0,4,8.0,5.316666666666666,2.6833333333333336,3.203034790066881,2,-2,0.7789341772943849,-0.2015635424289263,0.9804977197233112,0.9804977197233112,3,3,0.7832178030674114,-0.05054106268847757,0.833758865755889,0.833758865755889,0.75,0.25,2,0.0,0.0
S991,2022-11-12,8,0,01:30,08:10,1,1,1,-1,-1,-1,-1,-1,-1.0,-1.0,-1.0,-1,-1.0,-1.0,-1.0,1,-1,-1,2,0,10,1,4,1,1,0.7142857142857143,9995.0,92.59057082873797,352.75,73.5,4,8.0,5.879166666666666,2.1208333333333336,2.5315911617143514,2,-2,0.7789341772943849,-0.5653091016407419,1.3442432789351266,1.3442432789351266,4,4,0.691748130797683,-0.5887241015453477,1.2804722323430306,1.2804722323430306,0.75,-0.0357142857142857,2,0.0,0.0
S992,2022-09-17,5,0,02:30,20:00,1,1,2,골프,7,1,-1,0,,,,0,,,,1,-1,-1,1,0,1,1,2,2,4,0.5714285714285714,3789.75,99.8266942192724,323.0,70.5,2,5.0,5.383333333333334,-0.3833333333333337,0.4575763985809834,2,-2,0.7789341772943849,-1.292800220064373,2.0717343973587576,2.0717343973587576,1,1,0.7979113955402264,-1.148116818477996,1.9460282140182223,1.9460282140182223,0.9523809523809523,-0.38095238095238093,1,0.8403296087258498,-0.006996275392516571
S992,2022-09-25,6,46,02:50,08:30,1,1,2,골프,4,1,-1,0,,,,0,,,,2,1,40,0,30,5,2,2,4,2,1.0,5332.142857142857,95.99891912011957,378.57142857142856,82.85714285714286,7,6.766666666666667,6.309523809523809,0.4571428571428573,0.5456811709785637,2,-2,0.7789341772943849,1.703770339156775,-0.92483616186239,0.92483616186239,2,2,0.6430379055032849,1.5413047243738183,-0.8982668188705334,0.8982668188705334,0.9523809523809523,0.04761904761904767,1,0.8403296087258498,0.2935638103018319
S992,2022-10-02,6,2,01:50,08:40,1,1,2,골프,2,1,-1,0,,,,0,,,,2,1,30,0,30,3,1,3,3,1,1.0,6863.285714285715,100.32545549752076,306.42857142857144,78.28571428571429,7,6.033333333333333,5.107142857142858,0.9261904761904756,1.1055727891180265,2,-2,0.7789341772943849,0.5952124444160043,0.1837217328783805,0.1837217328783805,3,3,0.7832178030674114,0.6137129040744095,0.16950489899300192,0.16950489899300192,0.9523809523809523,0.04761904761904767,1,0.8403296087258498,0.11086012248549215
S992,2022-10-08,7,11,02:00,08:30,1,1,2,골프,2,1,-1,0,,,,0,,,,1,-1,-1,1,30,3,1,4,4,4,1.0,4402.285714285715,95.1706344871832,366.2857142857143,80.57142857142857,7,7.183333333333334,6.104761904761904,1.0785714285714292,1.287466512777549,2,-2,0.7789341772943849,1.1494913917863878,-0.3705572144920029,0.3705572144920029,4,4,0.691748130797683,0.7871330284905345,-0.09538489769285141,0.09538489769285141,0.9523809523809523,0.04761904761904767,1,0.8403296087258498,0.15967039127415017
S992,2022-10-15,6,51,02:15,08:23,2,1,2,골프,4,1,-1,0,,,,0,,,,1,-1,-1,0,25,5,1,4,4,4,1.0,5950.428571428572,92.90714165124643,338.7142857142857,82.28571428571429,7,6.85,5.645238095238096,1.204761904761904,1.4380972526830884,3,-3,-0.2836038650826296,1.565200602314179,-1.8488044673968085,1.8488044673968085,5,5,-0.09279435431577586,1.0201994989588892,-1.112993853274665,1.112993853274665,0.9523809523809523,0.04761904761904767,1,0.8403296087258498,-0.46236513571662263
S992,2022-10-22,6,35,01:30,07:30,1,1,2,골프,2,1,-1,0,,,,0,,,,1,-1,-1,0,30,1,1,2,3,1,1.0,5410.428571428572,90.36117314951316,342.7142857142857,79.71428571428571,7,6.583333333333333,5.711904761904762,0.871428571428571,1.0402047321778862,2,-2,0.7789341772943849,0.9416367865224924,-0.1627026092281074,0.1627026092281074,6,6,0.5796886759623315,0.6255830715217477,-0.04589439555941621,0.04589439555941621,0.9523809523809523,0.04761904761904767,1,0.8403296087258498,-0.4623651357166225
S992,2022-10-30,6,18,02:25,07:57,1,1,2,골프,3,1,-1,0,,,,0,,,,1,-1,-1,0,30,2,1,2,2,2,1.0,6285.857142857143,93.16117070684888,387.1428571428572,81.85714285714286,7,6.3,6.452380952380953,-0.1523809523809536,0.1818937236595226,2,-2,0.7789341772943849,1.461273299682231,-0.6823391223878462,0.6823391223878462,7,7+,0.49994190355119744,1.127722288504602,-0.6277803849534047,0.6277803849534047,0.9523809523809523,0.04761904761904767,1,0.8403296087258498,0.07709432090900936
S992,2022-11-06,6,23,02:21,19:22,1,1,1,-1,-1,-1,-1,-1,-1.0,-1.0,-1.0,-1,-1.0,-1.0,-1.0,1,-1,-1,0,30,4,2,2,3,1,1.0,6839.142857142857,97.40020053512296,358.5,77.66666666666667,6,6.383333333333334,5.975,0.4083333333333341,0.487418337618874,2,-2,0.7789341772943849,0.4450952295031912,0.3338389477911936,0.3338389477911936,8,7+,0.49994190355119744,0.3661226605159618,0.13381924303523562,0.13381924303523562,0.9523809523809523,0.04761904761904767,1,0.8403296087258498,0.31437092965340185
S992,2022-11-13,6,50,01:00,07:01,1,1,1,-1,-1,-1,-1,-1,-1.0,-1.0,-1.0,-1,-1.0,-1.0,-1.0,1,-1,-1,0,50,6,1,2,4,4,1.0,10294.57142857143,102.11689934670704,332.1666666666667,78.16666666666667,6,6.833333333333333,5.536111111111111,1.2972222222222216,1.548465058966079,2,-2,0.7789341772943849,0.566343749240463,0.2125904280539218,0.2125904280539218,9,7+,0.49994190355119744,0.4569953434009701,0.04294656015022735,0.04294656015022735,0.9523809523809523,0.04761904761904767,1,0.8403296087258498,-0.023833027798123796
S993,2022-09-25,7,0,02:00,09:30,1,1,2,달리기,3,2,-1,0,,,,0,,,,1,-1,-1,3,0,3,1,4,2,1,1.0,16499.14285714286,93.05797405503908,343.8333333333333,67.33333333333333,6,7.0,5.730555555555555,1.2694444444444448,1.51530734892398,2,-2,0.7789341772943849,-2.0607075117337623,2.8396416890281477,2.8396416890281477,1,1,0.7979113955402264,-1.7844197424182269,2.5823311379584535,2.5823311379584535,0.9387755102040816,0.061224489795918435,1,0.060993754559283325,-0.060993754559283325
S993,2022-10-01,5,0,03:00,10:30,1,1,2,달리기,3,2,-1,요가(또는 필라테스),1.0,1.0,0.0,0,,,,1,-1,-1,4,0,3,1,4,2,1,1.0,12860.42857142857,90.62214426151782,358.6666666666667,72.66666666666667,6,5.0,5.977777777777778,-0.977777777777778,1.1671513934819275,2,-2,0.7789341772943849,-0.7673899678695271,1.5463241451639118,1.5463241451639118,2,2,0.6430379055032849,-0.6074607886416282,1.250498694144913,1.250498694144913,0.9387755102040816,0.061224489795918435,1,0.060993754559283325,-0.060993754559283325
S993,2022-10-15,7,0,02:00,10:00,1,1,2,달리기,2,2,-1,0,,,,0,,,,1,-1,-1,2,0,3,1,4,4,4,1.0,12771.714285714286,86.55256714445125,407.1666666666667,78.66666666666667,6,7.0,6.786111111111111,0.2138888888888885,0.2553143673241713,2,-2,0.7789341772943849,0.6875922689777348,0.09134190831665,0.09134190831665,3,3,0.7832178030674114,0.6907278567425699,0.09248994632484153,0.09248994632484153,0.9387755102040816,0.061224489795918435,1,0.060993754559283325,-0.060993754559283325
S993,2022-10-26,8,0,02:00,10:00,1,1,1,-1,-1,-1,-1,-1,-1.0,-1.0,-1.0,-1,-1.0,-1.0,-1.0,1,-1,-1,1,0,3,1,4,2,1,1.0,15838.42857142857,90.38096509213229,348.5,73.33333333333333,6,8.0,5.808333333333334,2.1916666666666664,2.6161433223217068,2,-2,0.7789341772943849,-0.6057252748865003,1.3846594521808853,1.3846594521808853,4,4,0.691748130797683,-0.6211517106707735,1.3128998414684565,1.3128998414684565,0.9387755102040816,0.061224489795918435,1,0.060993754559283325,0.42695628191498325
S993,2022-11-15,6,0,03:00,09:00,1,2,2,달리기,2,2,-1,0,,,,0,,,,1,-1,-1,3,0,3,1,4,1,1,0.8571428571428571,11534.333333333334,103.17825713738424,275.5,63.0,4,6.0,4.591666666666667,1.4083333333333332,1.6810958991344809,3,-3,-0.2836038650826296,-3.1115280161234504,2.827924151040821,2.827924151040821,5,5,-0.09279435431577586,-2.254415121548669,2.1616207672328933,2.1616207672328933,0.9387755102040816,-0.08163265306122447,1,0.060993754559283325,-0.060993754559283325
S993,2022-11-18,7,0,03:00,10:00,1,1,2,달리기,2,2,-1,0,,,,0,,,,1,-1,-1,3,0,3,1,4,1,1,0.8571428571428571,12791.833333333334,100.15757140843051,247.0,60.333333333333336,3,7.0,4.116666666666666,2.8833333333333337,3.441770302370003,2,-2,0.7789341772943849,-3.758186788055566,4.537120965349951,4.537120965349951,6,6,0.5796886759623315,-2.7746314028540353,3.3543200788163667,3.3543200788163667,0.9387755102040816,-0.08163265306122447,1,0.060993754559283325,-0.060993754559283325
S993,2022-11-19,7,0,02:30,09:30,1,1,2,달리기,3,2,-1,0,,,,0,,,,1,-1,-1,2,0,3,1,4,1,1,0.8571428571428571,14074.833333333334,96.39529974184852,297.0,67.0,3,7.0,4.95,2.05,2.447039001106996,2,-2,0.7789341772943849,-2.141539858225276,2.920474035519661,2.920474035519661,7,7+,0.49994190355119744,-1.5724945743642147,2.0724364779154123,2.0724364779154123,0.9387755102040816,-0.08163265306122447,1,0.060993754559283325,-0.060993754559283325
S994,2022-09-25,6,30,02:30,09:20,1,1,2,헬스,5,1,-1,0,,,,0,,,,1,-1,-1,2,0,10,1,4,2,2,1.0,8763.714285714286,83.72931141745936,381.1428571428572,74.71428571428571,7,6.5,6.352380952380954,0.1476190476190462,0.1762095447951594,2,-2,0.7789341772943849,-0.270848410850226,1.0497825881446108,1.0497825881446108,1,1,0.7979113955402264,-0.3013076640613001,1.0992190596015265,1.0992190596015265,1.0,0.0,1,0.8395032455741251,-0.35155320909985854
S994,2022-10-03,6,50,02:40,09:25,1,1,2,헬스,5,1,-1,0,,,,0,,,,1,-1,-1,2,0,6,1,4,2,2,1.0,10513.142857142857,85.39621903472796,355.4,75.0,5,6.833333333333333,5.923333333333333,0.91,1.0862465809792032,2,-2,0.7789341772943849,-0.2015635424289263,0.9804977197233112,0.9804977197233112,2,2,0.6430379055032849,-0.11545373192313914,0.758491637426424,0.758491637426424,1.0,0.0,1,0.8395032455741251,0.9731506887758063
S994,2022-10-09,6,30,02:00,09:00,1,1,2,헬스,5,1,-1,0,,,,0,,,,1,-1,-1,1,30,20,1,4,2,1,1.0,9530.57142857143,83.66805429244326,376.6666666666667,72.5,6,6.5,6.277777777777778,0.2222222222222223,0.2652616803368018,2,-2,0.7789341772943849,-0.8078061411152855,1.5867403184096704,1.5867403184096704,3,3,0.7832178030674114,-0.555951689573282,1.3391694926406934,1.3391694926406934,1.0,0.0,1,0.8395032455741251,-0.052707453104682056
S994,2022-10-15,6,50,03:00,09:40,1,1,2,헬스,5,1,-1,0,,,,0,,,,1,-1,-1,2,0,38,1,4,2,2,1.0,9419.142857142857,78.42746150125727,380.2857142857143,74.42857142857143,7,6.833333333333333,6.338095238095238,0.4952380952380952,0.5911546018934438,2,-2,0.7789341772943849,-0.3401332792715222,1.1190674565659071,1.1190674565659071,4,4,0.691748130797683,-0.40805599356083744,1.0998041243585206,1.0998041243585206,1.0,0.0,1,0.8395032455741251,-0.149437686231771
S994,2022-10-23,6,50,03:40,09:12,1,1,2,헬스,4,1,-1,0,,,,0,,,,1,-1,-1,2,0,26,1,3,2,1,1.0,9569.57142857143,78.42892737559292,347.57142857142856,70.0,7,6.833333333333333,5.792857142857143,1.0404761904761903,1.241993081862668,2,-2,0.7789341772943849,-1.4140487398016446,2.192982917096029,2.192982917096029,5,5,0.7114233830876148,-1.0658512963274078,1.7772746794150227,1.7772746794150227,1.0,0.0,1,0.8395032455741251,-0.43125495511026213
S994,2022-10-31,7,26,03:30,10:24,1,1,2,헬스,4,1,-1,0,,,,0,,,,1,-1,-1,3,0,20,1,3,3,1,1.0,8474.857142857143,81.5001813527423,416.8571428571428,75.71428571428571,7,7.433333333333334,6.947619047619046,0.4857142857142875,0.5797862441647259,2,-2,0.7789341772943849,-0.0283513713756823,0.8072855486700672,0.8072855486700672,6,6,0.5796886759623315,-0.0761810951798883,0.6558697711422199,0.6558697711422199,1.0,0.0,1,0.8395032455741251,-0.052707453104682056
S994,2022-11-05,8,1,04:04,23:04,1,1,2,헬스,4,1,-1,0,,,,0,,,,1,-1,-1,4,0,18,1,4,2,1,1.0,7322.857142857143,79.5654158085006,418.7142857142857,75.42857142857143,7,8.016666666666667,6.978571428571429,1.0380952380952388,1.2391509924304889,2,-2,0.7789341772943849,-0.0976362397969786,0.8765704170913635,0.8765704170913635,7,7+,0.49994190355119744,-0.0406407771597898,0.5405826807109873,0.5405826807109873,1.0,0.0,1,0.8395032455741251,0.13639682737440806
S994,2022-11-13,5,32,04:10,09:30,1,1,2,헬스,4,1,-1,0,,,,0,,,,1,-1,-1,3,0,22,2,3,2,1,1.0,9089.57142857143,82.12214348926513,308.2857142857143,68.71428571428571,7,5.533333333333333,5.138095238095238,0.3952380952380956,0.4717868457418834,2,-2,0.7789341772943849,-1.725830647697488,2.504764824991873,2.504764824991873,8,7+,0.49994190355119744,-1.2609310901870447,1.7608729937382421,1.7608729937382421,1.0,0.0,1,0.8395032455741251,0.41406309548189224
